name,org_code,org_type,date,measure,value,submeasure
ENGLAND,ENG,COUNTRY_RESPONSIBILITY,31-Mar-26,DEMENTIA_ESTIMATE_65_PLUS,751551.4,
ENGLAND,ENG,COUNTRY_RESPONSIBILITY,31-Mar-26,DEMENTIA_REGISTER_65_PLUS,498122,
ENGLAND,ENG,COUNTRY_RESPONSIBILITY,31-Mar-26,DIAG_RATE_65_PLUS,66.3,
ENGLAND,ENG,COUNTRY_RESPONSIBILITY,31-Mar-26,DIAG_RATE_65_PLUS_LL,59.7,
ENGLAND,ENG,COUNTRY_RESPONSIBILITY,31-Mar-26,DIAG_RATE_65_PLUS_UL,71.8,
NHS CHESHIRE AND MERSEYSIDE INTEGRATED CARE BOARD,QYG,ICB,31-Mar-26,DEMENTIA_ESTIMATE_65_PLUS,35692.3,
NHS CHESHIRE AND MERSEYSIDE INTEGRATED CARE BOARD,QYG,ICB,31-Mar-26,DEMENTIA_REGISTER_65_PLUS,24390,
NHS CHESHIRE AND MERSEYSIDE INTEGRATED CARE BOARD,QYG,ICB,31-Mar-26,DIAG_RATE_65_PLUS,68.3,
NHS CHESHIRE AND MERSEYSIDE INTEGRATED CARE BOARD,QYG,ICB,31-Mar-26,DIAG_RATE_65_PLUS_LL,61.5,
NHS CHESHIRE AND MERSEYSIDE INTEGRATED CARE BOARD,QYG,ICB,31-Mar-26,DIAG_RATE_65_PLUS_UL,74.2,
NHS STAFFORDSHIRE AND STOKE-ON-TRENT INTEGRATED CARE BOARD,QNC,ICB,31-Mar-26,DEMENTIA_ESTIMATE_65_PLUS,16611.8,
NHS STAFFORDSHIRE AND STOKE-ON-TRENT INTEGRATED CARE BOARD,QNC,ICB,31-Mar-26,DEMENTIA_REGISTER_65_PLUS,12100,
NHS STAFFORDSHIRE AND STOKE-ON-TRENT INTEGRATED CARE BOARD,QNC,ICB,31-Mar-26,DIAG_RATE_65_PLUS,72.8,
NHS STAFFORDSHIRE AND STOKE-ON-TRENT INTEGRATED CARE BOARD,QNC,ICB,31-Mar-26,DIAG_RATE_65_PLUS_LL,65.5,
NHS STAFFORDSHIRE AND STOKE-ON-TRENT INTEGRATED CARE BOARD,QNC,ICB,31-Mar-26,DIAG_RATE_65_PLUS_UL,79,
"NHS SHROPSHIRE, TELFORD AND WREKIN INTEGRATED CARE BOARD",QOC,ICB,31-Mar-26,DEMENTIA_ESTIMATE_65_PLUS,8212.8,
"NHS SHROPSHIRE, TELFORD AND WREKIN INTEGRATED CARE BOARD",QOC,ICB,31-Mar-26,DEMENTIA_REGISTER_65_PLUS,4954,
"NHS SHROPSHIRE, TELFORD AND WREKIN INTEGRATED CARE BOARD",QOC,ICB,31-Mar-26,DIAG_RATE_65_PLUS,60.3,
"NHS SHROPSHIRE, TELFORD AND WREKIN INTEGRATED CARE BOARD",QOC,ICB,31-Mar-26,DIAG_RATE_65_PLUS_LL,54.2,
"NHS SHROPSHIRE, TELFORD AND WREKIN INTEGRATED CARE BOARD",QOC,ICB,31-Mar-26,DIAG_RATE_65_PLUS_UL,65.7,
NHS LINCOLNSHIRE INTEGRATED CARE BOARD,QJM,ICB,31-Mar-26,DEMENTIA_ESTIMATE_65_PLUS,12989.9,
NHS LINCOLNSHIRE INTEGRATED CARE BOARD,QJM,ICB,31-Mar-26,DEMENTIA_REGISTER_65_PLUS,9048,
NHS LINCOLNSHIRE INTEGRATED CARE BOARD,QJM,ICB,31-Mar-26,DIAG_RATE_65_PLUS,69.7,
NHS LINCOLNSHIRE INTEGRATED CARE BOARD,QJM,ICB,31-Mar-26,DIAG_RATE_65_PLUS_LL,62.7,
NHS LINCOLNSHIRE INTEGRATED CARE BOARD,QJM,ICB,31-Mar-26,DIAG_RATE_65_PLUS_UL,75.7,
"NHS LEICESTER, LEICESTERSHIRE AND RUTLAND INTEGRATED CARE BOARD",QK1,ICB,31-Mar-26,DEMENTIA_ESTIMATE_65_PLUS,14240.6,
"NHS LEICESTER, LEICESTERSHIRE AND RUTLAND INTEGRATED CARE BOARD",QK1,ICB,31-Mar-26,DEMENTIA_REGISTER_65_PLUS,8989,
"NHS LEICESTER, LEICESTERSHIRE AND RUTLAND INTEGRATED CARE BOARD",QK1,ICB,31-Mar-26,DIAG_RATE_65_PLUS,63.1,
"NHS LEICESTER, LEICESTERSHIRE AND RUTLAND INTEGRATED CARE BOARD",QK1,ICB,31-Mar-26,DIAG_RATE_65_PLUS_LL,56.7,
"NHS LEICESTER, LEICESTERSHIRE AND RUTLAND INTEGRATED CARE BOARD",QK1,ICB,31-Mar-26,DIAG_RATE_65_PLUS_UL,68.5,
NHS COVENTRY AND WARWICKSHIRE INTEGRATED CARE BOARD,QWU,ICB,31-Mar-26,DEMENTIA_ESTIMATE_65_PLUS,12882.8,
NHS COVENTRY AND WARWICKSHIRE INTEGRATED CARE BOARD,QWU,ICB,31-Mar-26,DEMENTIA_REGISTER_65_PLUS,7516,
NHS COVENTRY AND WARWICKSHIRE INTEGRATED CARE BOARD,QWU,ICB,31-Mar-26,DIAG_RATE_65_PLUS,58.3,
NHS COVENTRY AND WARWICKSHIRE INTEGRATED CARE BOARD,QWU,ICB,31-Mar-26,DIAG_RATE_65_PLUS_LL,52.5,
NHS COVENTRY AND WARWICKSHIRE INTEGRATED CARE BOARD,QWU,ICB,31-Mar-26,DIAG_RATE_65_PLUS_UL,63.4,
NHS HEREFORDSHIRE AND WORCESTERSHIRE INTEGRATED CARE BOARD,QGH,ICB,31-Mar-26,DEMENTIA_ESTIMATE_65_PLUS,13329.6,
NHS HEREFORDSHIRE AND WORCESTERSHIRE INTEGRATED CARE BOARD,QGH,ICB,31-Mar-26,DEMENTIA_REGISTER_65_PLUS,7520,
NHS HEREFORDSHIRE AND WORCESTERSHIRE INTEGRATED CARE BOARD,QGH,ICB,31-Mar-26,DIAG_RATE_65_PLUS,56.4,
NHS HEREFORDSHIRE AND WORCESTERSHIRE INTEGRATED CARE BOARD,QGH,ICB,31-Mar-26,DIAG_RATE_65_PLUS_LL,50.7,
NHS HEREFORDSHIRE AND WORCESTERSHIRE INTEGRATED CARE BOARD,QGH,ICB,31-Mar-26,DIAG_RATE_65_PLUS_UL,61.3,
NHS NORFOLK AND WAVENEY INTEGRATED CARE BOARD,QMM,ICB,31-Mar-26,DEMENTIA_ESTIMATE_65_PLUS,18619.5,
NHS NORFOLK AND WAVENEY INTEGRATED CARE BOARD,QMM,ICB,31-Mar-26,DEMENTIA_REGISTER_65_PLUS,11886,
NHS NORFOLK AND WAVENEY INTEGRATED CARE BOARD,QMM,ICB,31-Mar-26,DIAG_RATE_65_PLUS,63.8,
NHS NORFOLK AND WAVENEY INTEGRATED CARE BOARD,QMM,ICB,31-Mar-26,DIAG_RATE_65_PLUS_LL,57.4,
NHS NORFOLK AND WAVENEY INTEGRATED CARE BOARD,QMM,ICB,31-Mar-26,DIAG_RATE_65_PLUS_UL,69.2,
NHS SUFFOLK AND NORTH EAST ESSEX INTEGRATED CARE BOARD,QJG,ICB,31-Mar-26,DEMENTIA_ESTIMATE_65_PLUS,16918.2,
NHS SUFFOLK AND NORTH EAST ESSEX INTEGRATED CARE BOARD,QJG,ICB,31-Mar-26,DEMENTIA_REGISTER_65_PLUS,10243,
NHS SUFFOLK AND NORTH EAST ESSEX INTEGRATED CARE BOARD,QJG,ICB,31-Mar-26,DIAG_RATE_65_PLUS,60.5,
NHS SUFFOLK AND NORTH EAST ESSEX INTEGRATED CARE BOARD,QJG,ICB,31-Mar-26,DIAG_RATE_65_PLUS_LL,54.5,
NHS SUFFOLK AND NORTH EAST ESSEX INTEGRATED CARE BOARD,QJG,ICB,31-Mar-26,DIAG_RATE_65_PLUS_UL,65.7,
"NHS BEDFORDSHIRE, LUTON AND MILTON KEYNES INTEGRATED CARE BOARD",QHG,ICB,31-Mar-26,DEMENTIA_ESTIMATE_65_PLUS,10952.1,
"NHS BEDFORDSHIRE, LUTON AND MILTON KEYNES INTEGRATED CARE BOARD",QHG,ICB,31-Mar-26,DEMENTIA_REGISTER_65_PLUS,7671,
"NHS BEDFORDSHIRE, LUTON AND MILTON KEYNES INTEGRATED CARE BOARD",QHG,ICB,31-Mar-26,DIAG_RATE_65_PLUS,70,
"NHS BEDFORDSHIRE, LUTON AND MILTON KEYNES INTEGRATED CARE BOARD",QHG,ICB,31-Mar-26,DIAG_RATE_65_PLUS_LL,62.9,
"NHS BEDFORDSHIRE, LUTON AND MILTON KEYNES INTEGRATED CARE BOARD",QHG,ICB,31-Mar-26,DIAG_RATE_65_PLUS_UL,76.3,
NHS HERTFORDSHIRE AND WEST ESSEX INTEGRATED CARE BOARD,QM7,ICB,31-Mar-26,DEMENTIA_ESTIMATE_65_PLUS,19786.8,
NHS HERTFORDSHIRE AND WEST ESSEX INTEGRATED CARE BOARD,QM7,ICB,31-Mar-26,DEMENTIA_REGISTER_65_PLUS,13046,
NHS HERTFORDSHIRE AND WEST ESSEX INTEGRATED CARE BOARD,QM7,ICB,31-Mar-26,DIAG_RATE_65_PLUS,65.9,
NHS HERTFORDSHIRE AND WEST ESSEX INTEGRATED CARE BOARD,QM7,ICB,31-Mar-26,DIAG_RATE_65_PLUS_LL,59.1,
NHS HERTFORDSHIRE AND WEST ESSEX INTEGRATED CARE BOARD,QM7,ICB,31-Mar-26,DIAG_RATE_65_PLUS_UL,71.5,
NHS MID AND SOUTH ESSEX INTEGRATED CARE BOARD,QH8,ICB,31-Mar-26,DEMENTIA_ESTIMATE_65_PLUS,16744,
NHS MID AND SOUTH ESSEX INTEGRATED CARE BOARD,QH8,ICB,31-Mar-26,DEMENTIA_REGISTER_65_PLUS,11341,
NHS MID AND SOUTH ESSEX INTEGRATED CARE BOARD,QH8,ICB,31-Mar-26,DIAG_RATE_65_PLUS,67.7,
NHS MID AND SOUTH ESSEX INTEGRATED CARE BOARD,QH8,ICB,31-Mar-26,DIAG_RATE_65_PLUS_LL,60.8,
NHS MID AND SOUTH ESSEX INTEGRATED CARE BOARD,QH8,ICB,31-Mar-26,DIAG_RATE_65_PLUS_UL,73.5,
NHS NORTH WEST LONDON INTEGRATED CARE BOARD,QRV,ICB,31-Mar-26,DEMENTIA_ESTIMATE_65_PLUS,20245,
NHS NORTH WEST LONDON INTEGRATED CARE BOARD,QRV,ICB,31-Mar-26,DEMENTIA_REGISTER_65_PLUS,13242,
NHS NORTH WEST LONDON INTEGRATED CARE BOARD,QRV,ICB,31-Mar-26,DIAG_RATE_65_PLUS,65.4,
NHS NORTH WEST LONDON INTEGRATED CARE BOARD,QRV,ICB,31-Mar-26,DIAG_RATE_65_PLUS_LL,58.5,
NHS NORTH WEST LONDON INTEGRATED CARE BOARD,QRV,ICB,31-Mar-26,DIAG_RATE_65_PLUS_UL,71,
NHS NORTH CENTRAL LONDON INTEGRATED CARE BOARD,QMJ,ICB,31-Mar-26,DEMENTIA_ESTIMATE_65_PLUS,13534.8,
NHS NORTH CENTRAL LONDON INTEGRATED CARE BOARD,QMJ,ICB,31-Mar-26,DEMENTIA_REGISTER_65_PLUS,9179,
NHS NORTH CENTRAL LONDON INTEGRATED CARE BOARD,QMJ,ICB,31-Mar-26,DIAG_RATE_65_PLUS,67.8,
NHS NORTH CENTRAL LONDON INTEGRATED CARE BOARD,QMJ,ICB,31-Mar-26,DIAG_RATE_65_PLUS_LL,60.8,
NHS NORTH CENTRAL LONDON INTEGRATED CARE BOARD,QMJ,ICB,31-Mar-26,DIAG_RATE_65_PLUS_UL,73.8,
NHS NORTH EAST LONDON INTEGRATED CARE BOARD,QMF,ICB,31-Mar-26,DEMENTIA_ESTIMATE_65_PLUS,13884.2,
NHS NORTH EAST LONDON INTEGRATED CARE BOARD,QMF,ICB,31-Mar-26,DEMENTIA_REGISTER_65_PLUS,8836,
NHS NORTH EAST LONDON INTEGRATED CARE BOARD,QMF,ICB,31-Mar-26,DIAG_RATE_65_PLUS,63.6,
NHS NORTH EAST LONDON INTEGRATED CARE BOARD,QMF,ICB,31-Mar-26,DIAG_RATE_65_PLUS_LL,56.9,
NHS NORTH EAST LONDON INTEGRATED CARE BOARD,QMF,ICB,31-Mar-26,DIAG_RATE_65_PLUS_UL,69.2,
NHS SOUTH EAST LONDON INTEGRATED CARE BOARD,QKK,ICB,31-Mar-26,DEMENTIA_ESTIMATE_65_PLUS,15694.2,
NHS SOUTH EAST LONDON INTEGRATED CARE BOARD,QKK,ICB,31-Mar-26,DEMENTIA_REGISTER_65_PLUS,11235,
NHS SOUTH EAST LONDON INTEGRATED CARE BOARD,QKK,ICB,31-Mar-26,DIAG_RATE_65_PLUS,71.6,
NHS SOUTH EAST LONDON INTEGRATED CARE BOARD,QKK,ICB,31-Mar-26,DIAG_RATE_65_PLUS_LL,64,
NHS SOUTH EAST LONDON INTEGRATED CARE BOARD,QKK,ICB,31-Mar-26,DIAG_RATE_65_PLUS_UL,77.6,
NHS SOUTH WEST LONDON INTEGRATED CARE BOARD,QWE,ICB,31-Mar-26,DEMENTIA_ESTIMATE_65_PLUS,14851.3,
NHS SOUTH WEST LONDON INTEGRATED CARE BOARD,QWE,ICB,31-Mar-26,DEMENTIA_REGISTER_65_PLUS,11095,
NHS SOUTH WEST LONDON INTEGRATED CARE BOARD,QWE,ICB,31-Mar-26,DIAG_RATE_65_PLUS,74.7,
NHS SOUTH WEST LONDON INTEGRATED CARE BOARD,QWE,ICB,31-Mar-26,DIAG_RATE_65_PLUS_LL,67,
NHS SOUTH WEST LONDON INTEGRATED CARE BOARD,QWE,ICB,31-Mar-26,DIAG_RATE_65_PLUS_UL,81.1,
NHS KENT AND MEDWAY INTEGRATED CARE BOARD,QKS,ICB,31-Mar-26,DEMENTIA_ESTIMATE_65_PLUS,26493,
NHS KENT AND MEDWAY INTEGRATED CARE BOARD,QKS,ICB,31-Mar-26,DEMENTIA_REGISTER_65_PLUS,16495,
NHS KENT AND MEDWAY INTEGRATED CARE BOARD,QKS,ICB,31-Mar-26,DIAG_RATE_65_PLUS,62.3,
NHS KENT AND MEDWAY INTEGRATED CARE BOARD,QKS,ICB,31-Mar-26,DIAG_RATE_65_PLUS_LL,56.1,
NHS KENT AND MEDWAY INTEGRATED CARE BOARD,QKS,ICB,31-Mar-26,DIAG_RATE_65_PLUS_UL,67.6,
NHS FRIMLEY INTEGRATED CARE BOARD,QNQ,ICB,31-Mar-26,DEMENTIA_ESTIMATE_65_PLUS,9237.5,
NHS FRIMLEY INTEGRATED CARE BOARD,QNQ,ICB,31-Mar-26,DEMENTIA_REGISTER_65_PLUS,6218,
NHS FRIMLEY INTEGRATED CARE BOARD,QNQ,ICB,31-Mar-26,DIAG_RATE_65_PLUS,67.3,
NHS FRIMLEY INTEGRATED CARE BOARD,QNQ,ICB,31-Mar-26,DIAG_RATE_65_PLUS_LL,60.4,
NHS FRIMLEY INTEGRATED CARE BOARD,QNQ,ICB,31-Mar-26,DIAG_RATE_65_PLUS_UL,73.2,
NHS CORNWALL AND THE ISLES OF SCILLY INTEGRATED CARE BOARD,QT6,ICB,31-Mar-26,DEMENTIA_ESTIMATE_65_PLUS,10135.6,
NHS CORNWALL AND THE ISLES OF SCILLY INTEGRATED CARE BOARD,QT6,ICB,31-Mar-26,DEMENTIA_REGISTER_65_PLUS,6242,
NHS CORNWALL AND THE ISLES OF SCILLY INTEGRATED CARE BOARD,QT6,ICB,31-Mar-26,DIAG_RATE_65_PLUS,61.6,
NHS CORNWALL AND THE ISLES OF SCILLY INTEGRATED CARE BOARD,QT6,ICB,31-Mar-26,DIAG_RATE_65_PLUS_LL,55.2,
NHS CORNWALL AND THE ISLES OF SCILLY INTEGRATED CARE BOARD,QT6,ICB,31-Mar-26,DIAG_RATE_65_PLUS_UL,67,
NHS DEVON INTEGRATED CARE BOARD,QJK,ICB,31-Mar-26,DEMENTIA_ESTIMATE_65_PLUS,21050.6,
NHS DEVON INTEGRATED CARE BOARD,QJK,ICB,31-Mar-26,DEMENTIA_REGISTER_65_PLUS,12345,
NHS DEVON INTEGRATED CARE BOARD,QJK,ICB,31-Mar-26,DIAG_RATE_65_PLUS,58.6,
NHS DEVON INTEGRATED CARE BOARD,QJK,ICB,31-Mar-26,DIAG_RATE_65_PLUS_LL,52.9,
NHS DEVON INTEGRATED CARE BOARD,QJK,ICB,31-Mar-26,DIAG_RATE_65_PLUS_UL,63.7,
NHS SOMERSET INTEGRATED CARE BOARD,QSL,ICB,31-Mar-26,DEMENTIA_ESTIMATE_65_PLUS,10267.6,
NHS SOMERSET INTEGRATED CARE BOARD,QSL,ICB,31-Mar-26,DEMENTIA_REGISTER_65_PLUS,5755,
NHS SOMERSET INTEGRATED CARE BOARD,QSL,ICB,31-Mar-26,DIAG_RATE_65_PLUS,56.1,
NHS SOMERSET INTEGRATED CARE BOARD,QSL,ICB,31-Mar-26,DIAG_RATE_65_PLUS_LL,50.2,
NHS SOMERSET INTEGRATED CARE BOARD,QSL,ICB,31-Mar-26,DIAG_RATE_65_PLUS_UL,60.8,
"NHS BRISTOL, NORTH SOMERSET AND SOUTH GLOUCESTERSHIRE INTEGRATED CARE BOARD",QUY,ICB,31-Mar-26,DEMENTIA_ESTIMATE_65_PLUS,12258.9,
"NHS BRISTOL, NORTH SOMERSET AND SOUTH GLOUCESTERSHIRE INTEGRATED CARE BOARD",QUY,ICB,31-Mar-26,DEMENTIA_REGISTER_65_PLUS,8808,
"NHS BRISTOL, NORTH SOMERSET AND SOUTH GLOUCESTERSHIRE INTEGRATED CARE BOARD",QUY,ICB,31-Mar-26,DIAG_RATE_65_PLUS,71.8,
"NHS BRISTOL, NORTH SOMERSET AND SOUTH GLOUCESTERSHIRE INTEGRATED CARE BOARD",QUY,ICB,31-Mar-26,DIAG_RATE_65_PLUS_LL,64.7,
"NHS BRISTOL, NORTH SOMERSET AND SOUTH GLOUCESTERSHIRE INTEGRATED CARE BOARD",QUY,ICB,31-Mar-26,DIAG_RATE_65_PLUS_UL,78.3,
"NHS BATH AND NORTH EAST SOMERSET, SWINDON AND WILTSHIRE INTEGRATED CARE BOARD",QOX,ICB,31-Mar-26,DEMENTIA_ESTIMATE_65_PLUS,14254.3,
"NHS BATH AND NORTH EAST SOMERSET, SWINDON AND WILTSHIRE INTEGRATED CARE BOARD",QOX,ICB,31-Mar-26,DEMENTIA_REGISTER_65_PLUS,8977,
"NHS BATH AND NORTH EAST SOMERSET, SWINDON AND WILTSHIRE INTEGRATED CARE BOARD",QOX,ICB,31-Mar-26,DIAG_RATE_65_PLUS,63,
"NHS BATH AND NORTH EAST SOMERSET, SWINDON AND WILTSHIRE INTEGRATED CARE BOARD",QOX,ICB,31-Mar-26,DIAG_RATE_65_PLUS_LL,56.7,
"NHS BATH AND NORTH EAST SOMERSET, SWINDON AND WILTSHIRE INTEGRATED CARE BOARD",QOX,ICB,31-Mar-26,DIAG_RATE_65_PLUS_UL,68.3,
NHS DORSET INTEGRATED CARE BOARD,QVV,ICB,31-Mar-26,DEMENTIA_ESTIMATE_65_PLUS,14791,
NHS DORSET INTEGRATED CARE BOARD,QVV,ICB,31-Mar-26,DEMENTIA_REGISTER_65_PLUS,8629,
NHS DORSET INTEGRATED CARE BOARD,QVV,ICB,31-Mar-26,DIAG_RATE_65_PLUS,58.3,
NHS DORSET INTEGRATED CARE BOARD,QVV,ICB,31-Mar-26,DIAG_RATE_65_PLUS_LL,52.6,
NHS DORSET INTEGRATED CARE BOARD,QVV,ICB,31-Mar-26,DIAG_RATE_65_PLUS_UL,63.2,
NHS HAMPSHIRE AND ISLE OF WIGHT INTEGRATED CARE BOARD,QRL,ICB,31-Mar-26,DEMENTIA_ESTIMATE_65_PLUS,28193.5,
NHS HAMPSHIRE AND ISLE OF WIGHT INTEGRATED CARE BOARD,QRL,ICB,31-Mar-26,DEMENTIA_REGISTER_65_PLUS,18080,
NHS HAMPSHIRE AND ISLE OF WIGHT INTEGRATED CARE BOARD,QRL,ICB,31-Mar-26,DIAG_RATE_65_PLUS,64.1,
NHS HAMPSHIRE AND ISLE OF WIGHT INTEGRATED CARE BOARD,QRL,ICB,31-Mar-26,DIAG_RATE_65_PLUS_LL,57.8,
NHS HAMPSHIRE AND ISLE OF WIGHT INTEGRATED CARE BOARD,QRL,ICB,31-Mar-26,DIAG_RATE_65_PLUS_UL,69.5,
NHS GLOUCESTERSHIRE INTEGRATED CARE BOARD,QR1,ICB,31-Mar-26,DEMENTIA_ESTIMATE_65_PLUS,10299.1,
NHS GLOUCESTERSHIRE INTEGRATED CARE BOARD,QR1,ICB,31-Mar-26,DEMENTIA_REGISTER_65_PLUS,6776,
NHS GLOUCESTERSHIRE INTEGRATED CARE BOARD,QR1,ICB,31-Mar-26,DIAG_RATE_65_PLUS,65.8,
NHS GLOUCESTERSHIRE INTEGRATED CARE BOARD,QR1,ICB,31-Mar-26,DIAG_RATE_65_PLUS_LL,59.1,
NHS GLOUCESTERSHIRE INTEGRATED CARE BOARD,QR1,ICB,31-Mar-26,DIAG_RATE_65_PLUS_UL,71.4,
"NHS BUCKINGHAMSHIRE, OXFORDSHIRE AND BERKSHIRE WEST INTEGRATED CARE BOARD",QU9,ICB,31-Mar-26,DEMENTIA_ESTIMATE_65_PLUS,24099,
"NHS BUCKINGHAMSHIRE, OXFORDSHIRE AND BERKSHIRE WEST INTEGRATED CARE BOARD",QU9,ICB,31-Mar-26,DEMENTIA_REGISTER_65_PLUS,15233,
"NHS BUCKINGHAMSHIRE, OXFORDSHIRE AND BERKSHIRE WEST INTEGRATED CARE BOARD",QU9,ICB,31-Mar-26,DIAG_RATE_65_PLUS,63.2,
"NHS BUCKINGHAMSHIRE, OXFORDSHIRE AND BERKSHIRE WEST INTEGRATED CARE BOARD",QU9,ICB,31-Mar-26,DIAG_RATE_65_PLUS_LL,56.9,
"NHS BUCKINGHAMSHIRE, OXFORDSHIRE AND BERKSHIRE WEST INTEGRATED CARE BOARD",QU9,ICB,31-Mar-26,DIAG_RATE_65_PLUS_UL,68.5,
NHS LANCASHIRE AND SOUTH CUMBRIA INTEGRATED CARE BOARD,QE1,ICB,31-Mar-26,DEMENTIA_ESTIMATE_65_PLUS,24416.2,
NHS LANCASHIRE AND SOUTH CUMBRIA INTEGRATED CARE BOARD,QE1,ICB,31-Mar-26,DEMENTIA_REGISTER_65_PLUS,16729,
NHS LANCASHIRE AND SOUTH CUMBRIA INTEGRATED CARE BOARD,QE1,ICB,31-Mar-26,DIAG_RATE_65_PLUS,68.5,
NHS LANCASHIRE AND SOUTH CUMBRIA INTEGRATED CARE BOARD,QE1,ICB,31-Mar-26,DIAG_RATE_65_PLUS_LL,61.7,
NHS LANCASHIRE AND SOUTH CUMBRIA INTEGRATED CARE BOARD,QE1,ICB,31-Mar-26,DIAG_RATE_65_PLUS_UL,74.4,
NHS NORTH EAST AND NORTH CUMBRIA INTEGRATED CARE BOARD,QHM,ICB,31-Mar-26,DEMENTIA_ESTIMATE_65_PLUS,42396.4,
NHS NORTH EAST AND NORTH CUMBRIA INTEGRATED CARE BOARD,QHM,ICB,31-Mar-26,DEMENTIA_REGISTER_65_PLUS,29224,
NHS NORTH EAST AND NORTH CUMBRIA INTEGRATED CARE BOARD,QHM,ICB,31-Mar-26,DIAG_RATE_65_PLUS,68.9,
NHS NORTH EAST AND NORTH CUMBRIA INTEGRATED CARE BOARD,QHM,ICB,31-Mar-26,DIAG_RATE_65_PLUS_LL,62,
NHS NORTH EAST AND NORTH CUMBRIA INTEGRATED CARE BOARD,QHM,ICB,31-Mar-26,DIAG_RATE_65_PLUS_UL,74.6,
NHS HUMBER AND NORTH YORKSHIRE INTEGRATED CARE BOARD,QOQ,ICB,31-Mar-26,DEMENTIA_ESTIMATE_65_PLUS,26929.8,
NHS HUMBER AND NORTH YORKSHIRE INTEGRATED CARE BOARD,QOQ,ICB,31-Mar-26,DEMENTIA_REGISTER_65_PLUS,17018,
NHS HUMBER AND NORTH YORKSHIRE INTEGRATED CARE BOARD,QOQ,ICB,31-Mar-26,DIAG_RATE_65_PLUS,63.2,
NHS HUMBER AND NORTH YORKSHIRE INTEGRATED CARE BOARD,QOQ,ICB,31-Mar-26,DIAG_RATE_65_PLUS_LL,56.9,
NHS HUMBER AND NORTH YORKSHIRE INTEGRATED CARE BOARD,QOQ,ICB,31-Mar-26,DIAG_RATE_65_PLUS_UL,68.6,
NHS WEST YORKSHIRE INTEGRATED CARE BOARD,QWO,ICB,31-Mar-26,DEMENTIA_ESTIMATE_65_PLUS,28541.3,
NHS WEST YORKSHIRE INTEGRATED CARE BOARD,QWO,ICB,31-Mar-26,DEMENTIA_REGISTER_65_PLUS,20257,
NHS WEST YORKSHIRE INTEGRATED CARE BOARD,QWO,ICB,31-Mar-26,DIAG_RATE_65_PLUS,71,
NHS WEST YORKSHIRE INTEGRATED CARE BOARD,QWO,ICB,31-Mar-26,DIAG_RATE_65_PLUS_LL,63.9,
NHS WEST YORKSHIRE INTEGRATED CARE BOARD,QWO,ICB,31-Mar-26,DIAG_RATE_65_PLUS_UL,76.9,
NHS BIRMINGHAM AND SOLIHULL INTEGRATED CARE BOARD,QHL,ICB,31-Mar-26,DEMENTIA_ESTIMATE_65_PLUS,14773,
NHS BIRMINGHAM AND SOLIHULL INTEGRATED CARE BOARD,QHL,ICB,31-Mar-26,DEMENTIA_REGISTER_65_PLUS,9520,
NHS BIRMINGHAM AND SOLIHULL INTEGRATED CARE BOARD,QHL,ICB,31-Mar-26,DIAG_RATE_65_PLUS,64.4,
NHS BIRMINGHAM AND SOLIHULL INTEGRATED CARE BOARD,QHL,ICB,31-Mar-26,DIAG_RATE_65_PLUS_LL,58,
NHS BIRMINGHAM AND SOLIHULL INTEGRATED CARE BOARD,QHL,ICB,31-Mar-26,DIAG_RATE_65_PLUS_UL,70,
NHS CAMBRIDGESHIRE AND PETERBOROUGH INTEGRATED CARE BOARD,QUE,ICB,31-Mar-26,DEMENTIA_ESTIMATE_65_PLUS,11460.4,
NHS CAMBRIDGESHIRE AND PETERBOROUGH INTEGRATED CARE BOARD,QUE,ICB,31-Mar-26,DEMENTIA_REGISTER_65_PLUS,7172,
NHS CAMBRIDGESHIRE AND PETERBOROUGH INTEGRATED CARE BOARD,QUE,ICB,31-Mar-26,DIAG_RATE_65_PLUS,62.6,
NHS CAMBRIDGESHIRE AND PETERBOROUGH INTEGRATED CARE BOARD,QUE,ICB,31-Mar-26,DIAG_RATE_65_PLUS_LL,56.1,
NHS CAMBRIDGESHIRE AND PETERBOROUGH INTEGRATED CARE BOARD,QUE,ICB,31-Mar-26,DIAG_RATE_65_PLUS_UL,67.9,
NHS GREATER MANCHESTER INTEGRATED CARE BOARD,QOP,ICB,31-Mar-26,DEMENTIA_ESTIMATE_65_PLUS,31111.1,
NHS GREATER MANCHESTER INTEGRATED CARE BOARD,QOP,ICB,31-Mar-26,DEMENTIA_REGISTER_65_PLUS,22983,
NHS GREATER MANCHESTER INTEGRATED CARE BOARD,QOP,ICB,31-Mar-26,DIAG_RATE_65_PLUS,73.9,
NHS GREATER MANCHESTER INTEGRATED CARE BOARD,QOP,ICB,31-Mar-26,DIAG_RATE_65_PLUS_LL,66.3,
NHS GREATER MANCHESTER INTEGRATED CARE BOARD,QOP,ICB,31-Mar-26,DIAG_RATE_65_PLUS_UL,80.2,
NHS DERBY AND DERBYSHIRE INTEGRATED CARE BOARD,QJ2,ICB,31-Mar-26,DEMENTIA_ESTIMATE_65_PLUS,15385.2,
NHS DERBY AND DERBYSHIRE INTEGRATED CARE BOARD,QJ2,ICB,31-Mar-26,DEMENTIA_REGISTER_65_PLUS,10737,
NHS DERBY AND DERBYSHIRE INTEGRATED CARE BOARD,QJ2,ICB,31-Mar-26,DIAG_RATE_65_PLUS,69.8,
NHS DERBY AND DERBYSHIRE INTEGRATED CARE BOARD,QJ2,ICB,31-Mar-26,DIAG_RATE_65_PLUS_LL,62.7,
NHS DERBY AND DERBYSHIRE INTEGRATED CARE BOARD,QJ2,ICB,31-Mar-26,DIAG_RATE_65_PLUS_UL,75.7,
NHS NORTHAMPTONSHIRE INTEGRATED CARE BOARD,QPM,ICB,31-Mar-26,DEMENTIA_ESTIMATE_65_PLUS,9325,
NHS NORTHAMPTONSHIRE INTEGRATED CARE BOARD,QPM,ICB,31-Mar-26,DEMENTIA_REGISTER_65_PLUS,6290,
NHS NORTHAMPTONSHIRE INTEGRATED CARE BOARD,QPM,ICB,31-Mar-26,DIAG_RATE_65_PLUS,67.5,
NHS NORTHAMPTONSHIRE INTEGRATED CARE BOARD,QPM,ICB,31-Mar-26,DIAG_RATE_65_PLUS_LL,60.6,
NHS NORTHAMPTONSHIRE INTEGRATED CARE BOARD,QPM,ICB,31-Mar-26,DIAG_RATE_65_PLUS_UL,73.4,
NHS NOTTINGHAM AND NOTTINGHAMSHIRE INTEGRATED CARE BOARD,QT1,ICB,31-Mar-26,DEMENTIA_ESTIMATE_65_PLUS,15123.9,
NHS NOTTINGHAM AND NOTTINGHAMSHIRE INTEGRATED CARE BOARD,QT1,ICB,31-Mar-26,DEMENTIA_REGISTER_65_PLUS,10574,
NHS NOTTINGHAM AND NOTTINGHAMSHIRE INTEGRATED CARE BOARD,QT1,ICB,31-Mar-26,DIAG_RATE_65_PLUS,69.9,
NHS NOTTINGHAM AND NOTTINGHAMSHIRE INTEGRATED CARE BOARD,QT1,ICB,31-Mar-26,DIAG_RATE_65_PLUS_LL,62.9,
NHS NOTTINGHAM AND NOTTINGHAMSHIRE INTEGRATED CARE BOARD,QT1,ICB,31-Mar-26,DIAG_RATE_65_PLUS_UL,75.9,
NHS SOUTH YORKSHIRE INTEGRATED CARE BOARD,QF7,ICB,31-Mar-26,DEMENTIA_ESTIMATE_65_PLUS,16964.7,
NHS SOUTH YORKSHIRE INTEGRATED CARE BOARD,QF7,ICB,31-Mar-26,DEMENTIA_REGISTER_65_PLUS,12967,
NHS SOUTH YORKSHIRE INTEGRATED CARE BOARD,QF7,ICB,31-Mar-26,DIAG_RATE_65_PLUS,76.4,
NHS SOUTH YORKSHIRE INTEGRATED CARE BOARD,QF7,ICB,31-Mar-26,DIAG_RATE_65_PLUS_LL,68.7,
NHS SOUTH YORKSHIRE INTEGRATED CARE BOARD,QF7,ICB,31-Mar-26,DIAG_RATE_65_PLUS_UL,83.1,
NHS BLACK COUNTRY INTEGRATED CARE BOARD,QUA,ICB,31-Mar-26,DEMENTIA_ESTIMATE_65_PLUS,14695.1,
NHS BLACK COUNTRY INTEGRATED CARE BOARD,QUA,ICB,31-Mar-26,DEMENTIA_REGISTER_65_PLUS,10067,
NHS BLACK COUNTRY INTEGRATED CARE BOARD,QUA,ICB,31-Mar-26,DIAG_RATE_65_PLUS,68.5,
NHS BLACK COUNTRY INTEGRATED CARE BOARD,QUA,ICB,31-Mar-26,DIAG_RATE_65_PLUS_LL,61.5,
NHS BLACK COUNTRY INTEGRATED CARE BOARD,QUA,ICB,31-Mar-26,DIAG_RATE_65_PLUS_UL,74.3,
NHS SURREY HEARTLANDS ICB,QXU,ICB,31-Mar-26,DEMENTIA_ESTIMATE_65_PLUS,15439.4,
NHS SURREY HEARTLANDS ICB,QXU,ICB,31-Mar-26,DEMENTIA_REGISTER_65_PLUS,10575,
NHS SURREY HEARTLANDS ICB,QXU,ICB,31-Mar-26,DIAG_RATE_65_PLUS,68.5,
NHS SURREY HEARTLANDS ICB,QXU,ICB,31-Mar-26,DIAG_RATE_65_PLUS_LL,61.8,
NHS SURREY HEARTLANDS ICB,QXU,ICB,31-Mar-26,DIAG_RATE_65_PLUS_UL,74.3,
NHS SUSSEX ICB,QNX,ICB,31-Mar-26,DEMENTIA_ESTIMATE_65_PLUS,28720.1,
NHS SUSSEX ICB,QNX,ICB,31-Mar-26,DEMENTIA_REGISTER_65_PLUS,18160,
NHS SUSSEX ICB,QNX,ICB,31-Mar-26,DIAG_RATE_65_PLUS,63.2,
NHS SUSSEX ICB,QNX,ICB,31-Mar-26,DIAG_RATE_65_PLUS_LL,57,
NHS SUSSEX ICB,QNX,ICB,31-Mar-26,DIAG_RATE_65_PLUS_UL,68.6,
LONDON,Y56,NHS_REGION,31-Mar-26,DEMENTIA_ESTIMATE_65_PLUS,78209.5,
LONDON,Y56,NHS_REGION,31-Mar-26,DEMENTIA_REGISTER_65_PLUS,53587,
LONDON,Y56,NHS_REGION,31-Mar-26,DIAG_RATE_65_PLUS,68.5,
LONDON,Y56,NHS_REGION,31-Mar-26,DIAG_RATE_65_PLUS_LL,61.5,
LONDON,Y56,NHS_REGION,31-Mar-26,DIAG_RATE_65_PLUS_UL,74.3,
SOUTH EAST,Y59,NHS_REGION,31-Mar-26,DEMENTIA_ESTIMATE_65_PLUS,132182.4,
SOUTH EAST,Y59,NHS_REGION,31-Mar-26,DEMENTIA_REGISTER_65_PLUS,84761,
SOUTH EAST,Y59,NHS_REGION,31-Mar-26,DIAG_RATE_65_PLUS,64.1,
SOUTH EAST,Y59,NHS_REGION,31-Mar-26,DIAG_RATE_65_PLUS_LL,57.9,
SOUTH EAST,Y59,NHS_REGION,31-Mar-26,DIAG_RATE_65_PLUS_UL,69.5,
SOUTH WEST,Y58,NHS_REGION,31-Mar-26,DEMENTIA_ESTIMATE_65_PLUS,93057.1,
SOUTH WEST,Y58,NHS_REGION,31-Mar-26,DEMENTIA_REGISTER_65_PLUS,57532,
SOUTH WEST,Y58,NHS_REGION,31-Mar-26,DIAG_RATE_65_PLUS,61.8,
SOUTH WEST,Y58,NHS_REGION,31-Mar-26,DIAG_RATE_65_PLUS_LL,55.6,
SOUTH WEST,Y58,NHS_REGION,31-Mar-26,DIAG_RATE_65_PLUS_UL,66.9,
MIDLANDS,Y60,NHS_REGION,31-Mar-26,DEMENTIA_ESTIMATE_65_PLUS,147569.8,
MIDLANDS,Y60,NHS_REGION,31-Mar-26,DEMENTIA_REGISTER_65_PLUS,97315,
MIDLANDS,Y60,NHS_REGION,31-Mar-26,DIAG_RATE_65_PLUS,65.9,
MIDLANDS,Y60,NHS_REGION,31-Mar-26,DIAG_RATE_65_PLUS_LL,59.3,
MIDLANDS,Y60,NHS_REGION,31-Mar-26,DIAG_RATE_65_PLUS_UL,71.6,
NORTH EAST AND YORKSHIRE,Y63,NHS_REGION,31-Mar-26,DEMENTIA_ESTIMATE_65_PLUS,114832.1,
NORTH EAST AND YORKSHIRE,Y63,NHS_REGION,31-Mar-26,DEMENTIA_REGISTER_65_PLUS,79466,
NORTH EAST AND YORKSHIRE,Y63,NHS_REGION,31-Mar-26,DIAG_RATE_65_PLUS,69.2,
NORTH EAST AND YORKSHIRE,Y63,NHS_REGION,31-Mar-26,DIAG_RATE_65_PLUS_LL,62.2,
NORTH EAST AND YORKSHIRE,Y63,NHS_REGION,31-Mar-26,DIAG_RATE_65_PLUS_UL,74.9,
EAST OF ENGLAND,Y61,NHS_REGION,31-Mar-26,DEMENTIA_ESTIMATE_65_PLUS,94481,
EAST OF ENGLAND,Y61,NHS_REGION,31-Mar-26,DEMENTIA_REGISTER_65_PLUS,61359,
EAST OF ENGLAND,Y61,NHS_REGION,31-Mar-26,DIAG_RATE_65_PLUS,64.9,
EAST OF ENGLAND,Y61,NHS_REGION,31-Mar-26,DIAG_RATE_65_PLUS_LL,58.6,
EAST OF ENGLAND,Y61,NHS_REGION,31-Mar-26,DIAG_RATE_65_PLUS_UL,70.2,
NORTH WEST,Y62,NHS_REGION,31-Mar-26,DEMENTIA_ESTIMATE_65_PLUS,91219.5,
NORTH WEST,Y62,NHS_REGION,31-Mar-26,DEMENTIA_REGISTER_65_PLUS,64102,
NORTH WEST,Y62,NHS_REGION,31-Mar-26,DIAG_RATE_65_PLUS,70.3,
NORTH WEST,Y62,NHS_REGION,31-Mar-26,DIAG_RATE_65_PLUS_LL,63.2,
NORTH WEST,Y62,NHS_REGION,31-Mar-26,DIAG_RATE_65_PLUS_UL,76.3,
NHS SOUTH YORKSHIRE ICB - 02P,02P,SUB_ICB_LOC,31-Mar-26,DEMENTIA_ESTIMATE_65_PLUS,3237.8,
NHS SOUTH YORKSHIRE ICB - 02P,02P,SUB_ICB_LOC,31-Mar-26,DEMENTIA_REGISTER_65_PLUS,2392,
NHS SOUTH YORKSHIRE ICB - 02P,02P,SUB_ICB_LOC,31-Mar-26,DIAG_RATE_65_PLUS,73.9,
NHS SOUTH YORKSHIRE ICB - 02P,02P,SUB_ICB_LOC,31-Mar-26,DIAG_RATE_65_PLUS_LL,65.8,
NHS SOUTH YORKSHIRE ICB - 02P,02P,SUB_ICB_LOC,31-Mar-26,DIAG_RATE_65_PLUS_UL,80.7,
NHS MID AND SOUTH ESSEX ICB - 99E,99E,SUB_ICB_LOC,31-Mar-26,DEMENTIA_ESTIMATE_65_PLUS,3571.8,
NHS MID AND SOUTH ESSEX ICB - 99E,99E,SUB_ICB_LOC,31-Mar-26,DEMENTIA_REGISTER_65_PLUS,2143,
NHS MID AND SOUTH ESSEX ICB - 99E,99E,SUB_ICB_LOC,31-Mar-26,DIAG_RATE_65_PLUS,60,
NHS MID AND SOUTH ESSEX ICB - 99E,99E,SUB_ICB_LOC,31-Mar-26,DIAG_RATE_65_PLUS_LL,53.6,
NHS MID AND SOUTH ESSEX ICB - 99E,99E,SUB_ICB_LOC,31-Mar-26,DIAG_RATE_65_PLUS_UL,65.7,
NHS NOTTINGHAM AND NOTTINGHAMSHIRE ICB - 02Q,02Q,SUB_ICB_LOC,31-Mar-26,DEMENTIA_ESTIMATE_65_PLUS,1817.3,
NHS NOTTINGHAM AND NOTTINGHAMSHIRE ICB - 02Q,02Q,SUB_ICB_LOC,31-Mar-26,DEMENTIA_REGISTER_65_PLUS,1396,
NHS NOTTINGHAM AND NOTTINGHAMSHIRE ICB - 02Q,02Q,SUB_ICB_LOC,31-Mar-26,DIAG_RATE_65_PLUS,76.8,
NHS NOTTINGHAM AND NOTTINGHAMSHIRE ICB - 02Q,02Q,SUB_ICB_LOC,31-Mar-26,DIAG_RATE_65_PLUS_LL,68.2,
NHS NOTTINGHAM AND NOTTINGHAMSHIRE ICB - 02Q,02Q,SUB_ICB_LOC,31-Mar-26,DIAG_RATE_65_PLUS_UL,84.6,
NHS LANCASHIRE AND SOUTH CUMBRIA ICB - 00Q,00Q,SUB_ICB_LOC,31-Mar-26,DEMENTIA_ESTIMATE_65_PLUS,1631.2,
NHS LANCASHIRE AND SOUTH CUMBRIA ICB - 00Q,00Q,SUB_ICB_LOC,31-Mar-26,DEMENTIA_REGISTER_65_PLUS,1043,
NHS LANCASHIRE AND SOUTH CUMBRIA ICB - 00Q,00Q,SUB_ICB_LOC,31-Mar-26,DIAG_RATE_65_PLUS,63.9,
NHS LANCASHIRE AND SOUTH CUMBRIA ICB - 00Q,00Q,SUB_ICB_LOC,31-Mar-26,DIAG_RATE_65_PLUS_LL,56.2,
NHS LANCASHIRE AND SOUTH CUMBRIA ICB - 00Q,00Q,SUB_ICB_LOC,31-Mar-26,DIAG_RATE_65_PLUS_UL,70.4,
NHS LANCASHIRE AND SOUTH CUMBRIA ICB - 00R,00R,SUB_ICB_LOC,31-Mar-26,DEMENTIA_ESTIMATE_65_PLUS,2221.3,
NHS LANCASHIRE AND SOUTH CUMBRIA ICB - 00R,00R,SUB_ICB_LOC,31-Mar-26,DEMENTIA_REGISTER_65_PLUS,1579,
NHS LANCASHIRE AND SOUTH CUMBRIA ICB - 00R,00R,SUB_ICB_LOC,31-Mar-26,DIAG_RATE_65_PLUS,71.1,
NHS LANCASHIRE AND SOUTH CUMBRIA ICB - 00R,00R,SUB_ICB_LOC,31-Mar-26,DIAG_RATE_65_PLUS_LL,63.2,
NHS LANCASHIRE AND SOUTH CUMBRIA ICB - 00R,00R,SUB_ICB_LOC,31-Mar-26,DIAG_RATE_65_PLUS_UL,78.1,
NHS GREATER MANCHESTER ICB - 00T,00T,SUB_ICB_LOC,31-Mar-26,DEMENTIA_ESTIMATE_65_PLUS,3401.1,
NHS GREATER MANCHESTER ICB - 00T,00T,SUB_ICB_LOC,31-Mar-26,DEMENTIA_REGISTER_65_PLUS,2386,
NHS GREATER MANCHESTER ICB - 00T,00T,SUB_ICB_LOC,31-Mar-26,DIAG_RATE_65_PLUS,70.2,
NHS GREATER MANCHESTER ICB - 00T,00T,SUB_ICB_LOC,31-Mar-26,DIAG_RATE_65_PLUS_LL,62.5,
NHS GREATER MANCHESTER ICB - 00T,00T,SUB_ICB_LOC,31-Mar-26,DIAG_RATE_65_PLUS_UL,76.6,
NHS SUSSEX ICB - 09D,09D,SUB_ICB_LOC,31-Mar-26,DEMENTIA_ESTIMATE_65_PLUS,2932.1,
NHS SUSSEX ICB - 09D,09D,SUB_ICB_LOC,31-Mar-26,DEMENTIA_REGISTER_65_PLUS,1957,
NHS SUSSEX ICB - 09D,09D,SUB_ICB_LOC,31-Mar-26,DIAG_RATE_65_PLUS,66.7,
NHS SUSSEX ICB - 09D,09D,SUB_ICB_LOC,31-Mar-26,DIAG_RATE_65_PLUS_LL,59.6,
NHS SUSSEX ICB - 09D,09D,SUB_ICB_LOC,31-Mar-26,DIAG_RATE_65_PLUS_UL,73.1,
NHS GREATER MANCHESTER ICB - 00V,00V,SUB_ICB_LOC,31-Mar-26,DEMENTIA_ESTIMATE_65_PLUS,2476.9,
NHS GREATER MANCHESTER ICB - 00V,00V,SUB_ICB_LOC,31-Mar-26,DEMENTIA_REGISTER_65_PLUS,1891,
NHS GREATER MANCHESTER ICB - 00V,00V,SUB_ICB_LOC,31-Mar-26,DIAG_RATE_65_PLUS,76.3,
NHS GREATER MANCHESTER ICB - 00V,00V,SUB_ICB_LOC,31-Mar-26,DIAG_RATE_65_PLUS_LL,68,
NHS GREATER MANCHESTER ICB - 00V,00V,SUB_ICB_LOC,31-Mar-26,DIAG_RATE_65_PLUS_UL,83.7,
NHS WEST YORKSHIRE ICB - 02T,02T,SUB_ICB_LOC,31-Mar-26,DEMENTIA_ESTIMATE_65_PLUS,2713.9,
NHS WEST YORKSHIRE ICB - 02T,02T,SUB_ICB_LOC,31-Mar-26,DEMENTIA_REGISTER_65_PLUS,1837,
NHS WEST YORKSHIRE ICB - 02T,02T,SUB_ICB_LOC,31-Mar-26,DIAG_RATE_65_PLUS,67.7,
NHS WEST YORKSHIRE ICB - 02T,02T,SUB_ICB_LOC,31-Mar-26,DIAG_RATE_65_PLUS_LL,60.3,
NHS WEST YORKSHIRE ICB - 02T,02T,SUB_ICB_LOC,31-Mar-26,DIAG_RATE_65_PLUS_UL,74.3,
NHS STAFFORDSHIRE AND STOKE-ON-TRENT ICB - 04Y,04Y,SUB_ICB_LOC,31-Mar-26,DEMENTIA_ESTIMATE_65_PLUS,1908.6,
NHS STAFFORDSHIRE AND STOKE-ON-TRENT ICB - 04Y,04Y,SUB_ICB_LOC,31-Mar-26,DEMENTIA_REGISTER_65_PLUS,1405,
NHS STAFFORDSHIRE AND STOKE-ON-TRENT ICB - 04Y,04Y,SUB_ICB_LOC,31-Mar-26,DIAG_RATE_65_PLUS,73.6,
NHS STAFFORDSHIRE AND STOKE-ON-TRENT ICB - 04Y,04Y,SUB_ICB_LOC,31-Mar-26,DIAG_RATE_65_PLUS_LL,65.3,
NHS STAFFORDSHIRE AND STOKE-ON-TRENT ICB - 04Y,04Y,SUB_ICB_LOC,31-Mar-26,DIAG_RATE_65_PLUS_UL,80.8,
NHS MID AND SOUTH ESSEX ICB - 99F,99F,SUB_ICB_LOC,31-Mar-26,DEMENTIA_ESTIMATE_65_PLUS,3130,
NHS MID AND SOUTH ESSEX ICB - 99F,99F,SUB_ICB_LOC,31-Mar-26,DEMENTIA_REGISTER_65_PLUS,2232,
NHS MID AND SOUTH ESSEX ICB - 99F,99F,SUB_ICB_LOC,31-Mar-26,DIAG_RATE_65_PLUS,71.3,
NHS MID AND SOUTH ESSEX ICB - 99F,99F,SUB_ICB_LOC,31-Mar-26,DIAG_RATE_65_PLUS_LL,63.8,
NHS MID AND SOUTH ESSEX ICB - 99F,99F,SUB_ICB_LOC,31-Mar-26,DIAG_RATE_65_PLUS_UL,78,
NHS LANCASHIRE AND SOUTH CUMBRIA ICB - 00X,00X,SUB_ICB_LOC,31-Mar-26,DEMENTIA_ESTIMATE_65_PLUS,2628.7,
NHS LANCASHIRE AND SOUTH CUMBRIA ICB - 00X,00X,SUB_ICB_LOC,31-Mar-26,DEMENTIA_REGISTER_65_PLUS,1834,
NHS LANCASHIRE AND SOUTH CUMBRIA ICB - 00X,00X,SUB_ICB_LOC,31-Mar-26,DIAG_RATE_65_PLUS,69.8,
NHS LANCASHIRE AND SOUTH CUMBRIA ICB - 00X,00X,SUB_ICB_LOC,31-Mar-26,DIAG_RATE_65_PLUS_LL,62.1,
NHS LANCASHIRE AND SOUTH CUMBRIA ICB - 00X,00X,SUB_ICB_LOC,31-Mar-26,DIAG_RATE_65_PLUS_UL,76.4,
NHS SOUTH YORKSHIRE ICB - 02X,02X,SUB_ICB_LOC,31-Mar-26,DEMENTIA_ESTIMATE_65_PLUS,3905.5,
NHS SOUTH YORKSHIRE ICB - 02X,02X,SUB_ICB_LOC,31-Mar-26,DEMENTIA_REGISTER_65_PLUS,2665,
NHS SOUTH YORKSHIRE ICB - 02X,02X,SUB_ICB_LOC,31-Mar-26,DIAG_RATE_65_PLUS,68.2,
NHS SOUTH YORKSHIRE ICB - 02X,02X,SUB_ICB_LOC,31-Mar-26,DIAG_RATE_65_PLUS_LL,60.9,
NHS SOUTH YORKSHIRE ICB - 02X,02X,SUB_ICB_LOC,31-Mar-26,DIAG_RATE_65_PLUS_UL,74.4,
NHS DORSET ICB - 11J,11J,SUB_ICB_LOC,31-Mar-26,DEMENTIA_ESTIMATE_65_PLUS,14791,
NHS DORSET ICB - 11J,11J,SUB_ICB_LOC,31-Mar-26,DEMENTIA_REGISTER_65_PLUS,8629,
NHS DORSET ICB - 11J,11J,SUB_ICB_LOC,31-Mar-26,DIAG_RATE_65_PLUS,58.3,
NHS DORSET ICB - 11J,11J,SUB_ICB_LOC,31-Mar-26,DIAG_RATE_65_PLUS_LL,52.6,
NHS DORSET ICB - 11J,11J,SUB_ICB_LOC,31-Mar-26,DIAG_RATE_65_PLUS_UL,63.2,
NHS HERTFORDSHIRE AND WEST ESSEX ICB - 06K,06K,SUB_ICB_LOC,31-Mar-26,DEMENTIA_ESTIMATE_65_PLUS,7637.9,
NHS HERTFORDSHIRE AND WEST ESSEX ICB - 06K,06K,SUB_ICB_LOC,31-Mar-26,DEMENTIA_REGISTER_65_PLUS,4781,
NHS HERTFORDSHIRE AND WEST ESSEX ICB - 06K,06K,SUB_ICB_LOC,31-Mar-26,DIAG_RATE_65_PLUS,62.6,
NHS HERTFORDSHIRE AND WEST ESSEX ICB - 06K,06K,SUB_ICB_LOC,31-Mar-26,DIAG_RATE_65_PLUS_LL,56.2,
NHS HERTFORDSHIRE AND WEST ESSEX ICB - 06K,06K,SUB_ICB_LOC,31-Mar-26,DIAG_RATE_65_PLUS_UL,68.1,
NHS LANCASHIRE AND SOUTH CUMBRIA ICB - 01A,01A,SUB_ICB_LOC,31-Mar-26,DEMENTIA_ESTIMATE_65_PLUS,4615.8,
NHS LANCASHIRE AND SOUTH CUMBRIA ICB - 01A,01A,SUB_ICB_LOC,31-Mar-26,DEMENTIA_REGISTER_65_PLUS,3053,
NHS LANCASHIRE AND SOUTH CUMBRIA ICB - 01A,01A,SUB_ICB_LOC,31-Mar-26,DIAG_RATE_65_PLUS,66.1,
NHS LANCASHIRE AND SOUTH CUMBRIA ICB - 01A,01A,SUB_ICB_LOC,31-Mar-26,DIAG_RATE_65_PLUS_LL,59,
NHS LANCASHIRE AND SOUTH CUMBRIA ICB - 01A,01A,SUB_ICB_LOC,31-Mar-26,DIAG_RATE_65_PLUS_UL,72.2,
"NHS LEICESTER, LEICESTERSHIRE AND RUTLAND ICB - 03W",03W,SUB_ICB_LOC,31-Mar-26,DEMENTIA_ESTIMATE_65_PLUS,5635.2,
"NHS LEICESTER, LEICESTERSHIRE AND RUTLAND ICB - 03W",03W,SUB_ICB_LOC,31-Mar-26,DEMENTIA_REGISTER_65_PLUS,3255,
"NHS LEICESTER, LEICESTERSHIRE AND RUTLAND ICB - 03W",03W,SUB_ICB_LOC,31-Mar-26,DIAG_RATE_65_PLUS,57.8,
"NHS LEICESTER, LEICESTERSHIRE AND RUTLAND ICB - 03W",03W,SUB_ICB_LOC,31-Mar-26,DIAG_RATE_65_PLUS_LL,51.8,
"NHS LEICESTER, LEICESTERSHIRE AND RUTLAND ICB - 03W",03W,SUB_ICB_LOC,31-Mar-26,DIAG_RATE_65_PLUS_UL,62.9,
NHS HUMBER AND NORTH YORKSHIRE ICB - 02Y,02Y,SUB_ICB_LOC,31-Mar-26,DEMENTIA_ESTIMATE_65_PLUS,5773.9,
NHS HUMBER AND NORTH YORKSHIRE ICB - 02Y,02Y,SUB_ICB_LOC,31-Mar-26,DEMENTIA_REGISTER_65_PLUS,3637,
NHS HUMBER AND NORTH YORKSHIRE ICB - 02Y,02Y,SUB_ICB_LOC,31-Mar-26,DIAG_RATE_65_PLUS,63,
NHS HUMBER AND NORTH YORKSHIRE ICB - 02Y,02Y,SUB_ICB_LOC,31-Mar-26,DIAG_RATE_65_PLUS_LL,56.5,
NHS HUMBER AND NORTH YORKSHIRE ICB - 02Y,02Y,SUB_ICB_LOC,31-Mar-26,DIAG_RATE_65_PLUS_UL,68.6,
NHS STAFFORDSHIRE AND STOKE-ON-TRENT ICB - 05D,05D,SUB_ICB_LOC,31-Mar-26,DEMENTIA_ESTIMATE_65_PLUS,1993.9,
NHS STAFFORDSHIRE AND STOKE-ON-TRENT ICB - 05D,05D,SUB_ICB_LOC,31-Mar-26,DEMENTIA_REGISTER_65_PLUS,1182,
NHS STAFFORDSHIRE AND STOKE-ON-TRENT ICB - 05D,05D,SUB_ICB_LOC,31-Mar-26,DIAG_RATE_65_PLUS,59.3,
NHS STAFFORDSHIRE AND STOKE-ON-TRENT ICB - 05D,05D,SUB_ICB_LOC,31-Mar-26,DIAG_RATE_65_PLUS_LL,52.6,
NHS STAFFORDSHIRE AND STOKE-ON-TRENT ICB - 05D,05D,SUB_ICB_LOC,31-Mar-26,DIAG_RATE_65_PLUS_UL,65.3,
NHS GLOUCESTERSHIRE ICB - 11M,11M,SUB_ICB_LOC,31-Mar-26,DEMENTIA_ESTIMATE_65_PLUS,10299.1,
NHS GLOUCESTERSHIRE ICB - 11M,11M,SUB_ICB_LOC,31-Mar-26,DEMENTIA_REGISTER_65_PLUS,6776,
NHS GLOUCESTERSHIRE ICB - 11M,11M,SUB_ICB_LOC,31-Mar-26,DIAG_RATE_65_PLUS,65.8,
NHS GLOUCESTERSHIRE ICB - 11M,11M,SUB_ICB_LOC,31-Mar-26,DIAG_RATE_65_PLUS_LL,59.1,
NHS GLOUCESTERSHIRE ICB - 11M,11M,SUB_ICB_LOC,31-Mar-26,DIAG_RATE_65_PLUS_UL,71.4,
NHS CHESHIRE AND MERSEYSIDE ICB - 01F,01F,SUB_ICB_LOC,31-Mar-26,DEMENTIA_ESTIMATE_65_PLUS,1505.2,
NHS CHESHIRE AND MERSEYSIDE ICB - 01F,01F,SUB_ICB_LOC,31-Mar-26,DEMENTIA_REGISTER_65_PLUS,1035,
NHS CHESHIRE AND MERSEYSIDE ICB - 01F,01F,SUB_ICB_LOC,31-Mar-26,DIAG_RATE_65_PLUS,68.8,
NHS CHESHIRE AND MERSEYSIDE ICB - 01F,01F,SUB_ICB_LOC,31-Mar-26,DIAG_RATE_65_PLUS_LL,60.4,
NHS CHESHIRE AND MERSEYSIDE ICB - 01F,01F,SUB_ICB_LOC,31-Mar-26,DIAG_RATE_65_PLUS_UL,76,
NHS HERTFORDSHIRE AND WEST ESSEX ICB - 06N,06N,SUB_ICB_LOC,31-Mar-26,DEMENTIA_ESTIMATE_65_PLUS,7953.2,
NHS HERTFORDSHIRE AND WEST ESSEX ICB - 06N,06N,SUB_ICB_LOC,31-Mar-26,DEMENTIA_REGISTER_65_PLUS,5166,
NHS HERTFORDSHIRE AND WEST ESSEX ICB - 06N,06N,SUB_ICB_LOC,31-Mar-26,DIAG_RATE_65_PLUS,65,
NHS HERTFORDSHIRE AND WEST ESSEX ICB - 06N,06N,SUB_ICB_LOC,31-Mar-26,DIAG_RATE_65_PLUS_LL,58.4,
NHS HERTFORDSHIRE AND WEST ESSEX ICB - 06N,06N,SUB_ICB_LOC,31-Mar-26,DIAG_RATE_65_PLUS_UL,70.8,
NHS GREATER MANCHESTER ICB - 01D,01D,SUB_ICB_LOC,31-Mar-26,DEMENTIA_ESTIMATE_65_PLUS,2422.3,
NHS GREATER MANCHESTER ICB - 01D,01D,SUB_ICB_LOC,31-Mar-26,DEMENTIA_REGISTER_65_PLUS,1846,
NHS GREATER MANCHESTER ICB - 01D,01D,SUB_ICB_LOC,31-Mar-26,DIAG_RATE_65_PLUS,76.2,
NHS GREATER MANCHESTER ICB - 01D,01D,SUB_ICB_LOC,31-Mar-26,DIAG_RATE_65_PLUS_LL,67.5,
NHS GREATER MANCHESTER ICB - 01D,01D,SUB_ICB_LOC,31-Mar-26,DIAG_RATE_65_PLUS_UL,83.2,
NHS HUMBER AND NORTH YORKSHIRE ICB - 03F,03F,SUB_ICB_LOC,31-Mar-26,DEMENTIA_ESTIMATE_65_PLUS,2941.8,
NHS HUMBER AND NORTH YORKSHIRE ICB - 03F,03F,SUB_ICB_LOC,31-Mar-26,DEMENTIA_REGISTER_65_PLUS,1983,
NHS HUMBER AND NORTH YORKSHIRE ICB - 03F,03F,SUB_ICB_LOC,31-Mar-26,DIAG_RATE_65_PLUS,67.4,
NHS HUMBER AND NORTH YORKSHIRE ICB - 03F,03F,SUB_ICB_LOC,31-Mar-26,DIAG_RATE_65_PLUS_LL,59.8,
NHS HUMBER AND NORTH YORKSHIRE ICB - 03F,03F,SUB_ICB_LOC,31-Mar-26,DIAG_RATE_65_PLUS_UL,73.7,
NHS SUFFOLK AND NORTH EAST ESSEX ICB - 06L,06L,SUB_ICB_LOC,31-Mar-26,DEMENTIA_ESTIMATE_65_PLUS,6607.4,
NHS SUFFOLK AND NORTH EAST ESSEX ICB - 06L,06L,SUB_ICB_LOC,31-Mar-26,DEMENTIA_REGISTER_65_PLUS,4015,
NHS SUFFOLK AND NORTH EAST ESSEX ICB - 06L,06L,SUB_ICB_LOC,31-Mar-26,DIAG_RATE_65_PLUS,60.8,
NHS SUFFOLK AND NORTH EAST ESSEX ICB - 06L,06L,SUB_ICB_LOC,31-Mar-26,DIAG_RATE_65_PLUS_LL,54.5,
NHS SUFFOLK AND NORTH EAST ESSEX ICB - 06L,06L,SUB_ICB_LOC,31-Mar-26,DIAG_RATE_65_PLUS_UL,66.1,
NHS CORNWALL AND THE ISLES OF SCILLY ICB - 11N,11N,SUB_ICB_LOC,31-Mar-26,DEMENTIA_ESTIMATE_65_PLUS,10135.6,
NHS CORNWALL AND THE ISLES OF SCILLY ICB - 11N,11N,SUB_ICB_LOC,31-Mar-26,DEMENTIA_REGISTER_65_PLUS,6242,
NHS CORNWALL AND THE ISLES OF SCILLY ICB - 11N,11N,SUB_ICB_LOC,31-Mar-26,DIAG_RATE_65_PLUS,61.6,
NHS CORNWALL AND THE ISLES OF SCILLY ICB - 11N,11N,SUB_ICB_LOC,31-Mar-26,DIAG_RATE_65_PLUS_LL,55.2,
NHS CORNWALL AND THE ISLES OF SCILLY ICB - 11N,11N,SUB_ICB_LOC,31-Mar-26,DIAG_RATE_65_PLUS_UL,67,
NHS CHESHIRE AND MERSEYSIDE ICB - 01J,01J,SUB_ICB_LOC,31-Mar-26,DEMENTIA_ESTIMATE_65_PLUS,1716.1,
NHS CHESHIRE AND MERSEYSIDE ICB - 01J,01J,SUB_ICB_LOC,31-Mar-26,DEMENTIA_REGISTER_65_PLUS,1151,
NHS CHESHIRE AND MERSEYSIDE ICB - 01J,01J,SUB_ICB_LOC,31-Mar-26,DIAG_RATE_65_PLUS,67.1,
NHS CHESHIRE AND MERSEYSIDE ICB - 01J,01J,SUB_ICB_LOC,31-Mar-26,DIAG_RATE_65_PLUS_LL,58.9,
NHS CHESHIRE AND MERSEYSIDE ICB - 01J,01J,SUB_ICB_LOC,31-Mar-26,DIAG_RATE_65_PLUS_UL,73.9,
"NHS LEICESTER, LEICESTERSHIRE AND RUTLAND ICB - 04C",04C,SUB_ICB_LOC,31-Mar-26,DEMENTIA_ESTIMATE_65_PLUS,3090.5,
"NHS LEICESTER, LEICESTERSHIRE AND RUTLAND ICB - 04C",04C,SUB_ICB_LOC,31-Mar-26,DEMENTIA_REGISTER_65_PLUS,2402,
"NHS LEICESTER, LEICESTERSHIRE AND RUTLAND ICB - 04C",04C,SUB_ICB_LOC,31-Mar-26,DIAG_RATE_65_PLUS,77.7,
"NHS LEICESTER, LEICESTERSHIRE AND RUTLAND ICB - 04C",04C,SUB_ICB_LOC,31-Mar-26,DIAG_RATE_65_PLUS_LL,69.1,
"NHS LEICESTER, LEICESTERSHIRE AND RUTLAND ICB - 04C",04C,SUB_ICB_LOC,31-Mar-26,DIAG_RATE_65_PLUS_UL,85.2,
NHS CHESHIRE AND MERSEYSIDE ICB - 99A,99A,SUB_ICB_LOC,31-Mar-26,DEMENTIA_ESTIMATE_65_PLUS,5184.9,
NHS CHESHIRE AND MERSEYSIDE ICB - 99A,99A,SUB_ICB_LOC,31-Mar-26,DEMENTIA_REGISTER_65_PLUS,3580,
NHS CHESHIRE AND MERSEYSIDE ICB - 99A,99A,SUB_ICB_LOC,31-Mar-26,DIAG_RATE_65_PLUS,69,
NHS CHESHIRE AND MERSEYSIDE ICB - 99A,99A,SUB_ICB_LOC,31-Mar-26,DIAG_RATE_65_PLUS_LL,61.3,
NHS CHESHIRE AND MERSEYSIDE ICB - 99A,99A,SUB_ICB_LOC,31-Mar-26,DIAG_RATE_65_PLUS_UL,75.5,
NHS MID AND SOUTH ESSEX ICB - 06Q,06Q,SUB_ICB_LOC,31-Mar-26,DEMENTIA_ESTIMATE_65_PLUS,5890.8,
NHS MID AND SOUTH ESSEX ICB - 06Q,06Q,SUB_ICB_LOC,31-Mar-26,DEMENTIA_REGISTER_65_PLUS,3803,
NHS MID AND SOUTH ESSEX ICB - 06Q,06Q,SUB_ICB_LOC,31-Mar-26,DIAG_RATE_65_PLUS,64.6,
NHS MID AND SOUTH ESSEX ICB - 06Q,06Q,SUB_ICB_LOC,31-Mar-26,DIAG_RATE_65_PLUS_LL,57.9,
NHS MID AND SOUTH ESSEX ICB - 06Q,06Q,SUB_ICB_LOC,31-Mar-26,DIAG_RATE_65_PLUS_UL,70.4,
NHS SUFFOLK AND NORTH EAST ESSEX ICB - 06T,06T,SUB_ICB_LOC,31-Mar-26,DEMENTIA_ESTIMATE_65_PLUS,5784,
NHS SUFFOLK AND NORTH EAST ESSEX ICB - 06T,06T,SUB_ICB_LOC,31-Mar-26,DEMENTIA_REGISTER_65_PLUS,3843,
NHS SUFFOLK AND NORTH EAST ESSEX ICB - 06T,06T,SUB_ICB_LOC,31-Mar-26,DIAG_RATE_65_PLUS,66.4,
NHS SUFFOLK AND NORTH EAST ESSEX ICB - 06T,06T,SUB_ICB_LOC,31-Mar-26,DIAG_RATE_65_PLUS_LL,59.6,
NHS SUFFOLK AND NORTH EAST ESSEX ICB - 06T,06T,SUB_ICB_LOC,31-Mar-26,DIAG_RATE_65_PLUS_UL,72.3,
NHS HUMBER AND NORTH YORKSHIRE ICB - 03H,03H,SUB_ICB_LOC,31-Mar-26,DEMENTIA_ESTIMATE_65_PLUS,2383.3,
NHS HUMBER AND NORTH YORKSHIRE ICB - 03H,03H,SUB_ICB_LOC,31-Mar-26,DEMENTIA_REGISTER_65_PLUS,1787,
NHS HUMBER AND NORTH YORKSHIRE ICB - 03H,03H,SUB_ICB_LOC,31-Mar-26,DIAG_RATE_65_PLUS,75,
NHS HUMBER AND NORTH YORKSHIRE ICB - 03H,03H,SUB_ICB_LOC,31-Mar-26,DIAG_RATE_65_PLUS_LL,66.8,
NHS HUMBER AND NORTH YORKSHIRE ICB - 03H,03H,SUB_ICB_LOC,31-Mar-26,DIAG_RATE_65_PLUS_UL,82.2,
NHS HUMBER AND NORTH YORKSHIRE ICB - 03K,03K,SUB_ICB_LOC,31-Mar-26,DEMENTIA_ESTIMATE_65_PLUS,2629.2,
NHS HUMBER AND NORTH YORKSHIRE ICB - 03K,03K,SUB_ICB_LOC,31-Mar-26,DEMENTIA_REGISTER_65_PLUS,1742,
NHS HUMBER AND NORTH YORKSHIRE ICB - 03K,03K,SUB_ICB_LOC,31-Mar-26,DIAG_RATE_65_PLUS,66.3,
NHS HUMBER AND NORTH YORKSHIRE ICB - 03K,03K,SUB_ICB_LOC,31-Mar-26,DIAG_RATE_65_PLUS_LL,59,
NHS HUMBER AND NORTH YORKSHIRE ICB - 03K,03K,SUB_ICB_LOC,31-Mar-26,DIAG_RATE_65_PLUS_UL,72.7,
NHS STAFFORDSHIRE AND STOKE-ON-TRENT ICB - 05G,05G,SUB_ICB_LOC,31-Mar-26,DEMENTIA_ESTIMATE_65_PLUS,3597.7,
NHS STAFFORDSHIRE AND STOKE-ON-TRENT ICB - 05G,05G,SUB_ICB_LOC,31-Mar-26,DEMENTIA_REGISTER_65_PLUS,2770,
NHS STAFFORDSHIRE AND STOKE-ON-TRENT ICB - 05G,05G,SUB_ICB_LOC,31-Mar-26,DIAG_RATE_65_PLUS,77,
NHS STAFFORDSHIRE AND STOKE-ON-TRENT ICB - 05G,05G,SUB_ICB_LOC,31-Mar-26,DIAG_RATE_65_PLUS_LL,69,
NHS STAFFORDSHIRE AND STOKE-ON-TRENT ICB - 05G,05G,SUB_ICB_LOC,31-Mar-26,DIAG_RATE_65_PLUS_UL,83.9,
NHS NORTH EAST AND NORTH CUMBRIA ICB - 99C,99C,SUB_ICB_LOC,31-Mar-26,DEMENTIA_ESTIMATE_65_PLUS,3056.3,
NHS NORTH EAST AND NORTH CUMBRIA ICB - 99C,99C,SUB_ICB_LOC,31-Mar-26,DEMENTIA_REGISTER_65_PLUS,2217,
NHS NORTH EAST AND NORTH CUMBRIA ICB - 99C,99C,SUB_ICB_LOC,31-Mar-26,DIAG_RATE_65_PLUS,72.5,
NHS NORTH EAST AND NORTH CUMBRIA ICB - 99C,99C,SUB_ICB_LOC,31-Mar-26,DIAG_RATE_65_PLUS_LL,64.5,
NHS NORTH EAST AND NORTH CUMBRIA ICB - 99C,99C,SUB_ICB_LOC,31-Mar-26,DIAG_RATE_65_PLUS_UL,79.3,
NHS NORTH EAST AND NORTH CUMBRIA ICB - 00L,00L,SUB_ICB_LOC,31-Mar-26,DEMENTIA_ESTIMATE_65_PLUS,5771.8,
NHS NORTH EAST AND NORTH CUMBRIA ICB - 00L,00L,SUB_ICB_LOC,31-Mar-26,DEMENTIA_REGISTER_65_PLUS,3623,
NHS NORTH EAST AND NORTH CUMBRIA ICB - 00L,00L,SUB_ICB_LOC,31-Mar-26,DIAG_RATE_65_PLUS,62.8,
NHS NORTH EAST AND NORTH CUMBRIA ICB - 00L,00L,SUB_ICB_LOC,31-Mar-26,DIAG_RATE_65_PLUS_LL,56.1,
NHS NORTH EAST AND NORTH CUMBRIA ICB - 00L,00L,SUB_ICB_LOC,31-Mar-26,DIAG_RATE_65_PLUS_UL,68.4,
NHS GREATER MANCHESTER ICB - 00Y,00Y,SUB_ICB_LOC,31-Mar-26,DEMENTIA_ESTIMATE_65_PLUS,2581.6,
NHS GREATER MANCHESTER ICB - 00Y,00Y,SUB_ICB_LOC,31-Mar-26,DEMENTIA_REGISTER_65_PLUS,1957,
NHS GREATER MANCHESTER ICB - 00Y,00Y,SUB_ICB_LOC,31-Mar-26,DIAG_RATE_65_PLUS,75.8,
NHS GREATER MANCHESTER ICB - 00Y,00Y,SUB_ICB_LOC,31-Mar-26,DIAG_RATE_65_PLUS_LL,67.5,
NHS GREATER MANCHESTER ICB - 00Y,00Y,SUB_ICB_LOC,31-Mar-26,DIAG_RATE_65_PLUS_UL,83.1,
"NHS BUCKINGHAMSHIRE, OXFORDSHIRE AND BERKSHIRE WEST ICB - 10Q",10Q,SUB_ICB_LOC,31-Mar-26,DEMENTIA_ESTIMATE_65_PLUS,9985.2,
"NHS BUCKINGHAMSHIRE, OXFORDSHIRE AND BERKSHIRE WEST ICB - 10Q",10Q,SUB_ICB_LOC,31-Mar-26,DEMENTIA_REGISTER_65_PLUS,6493,
"NHS BUCKINGHAMSHIRE, OXFORDSHIRE AND BERKSHIRE WEST ICB - 10Q",10Q,SUB_ICB_LOC,31-Mar-26,DIAG_RATE_65_PLUS,65,
"NHS BUCKINGHAMSHIRE, OXFORDSHIRE AND BERKSHIRE WEST ICB - 10Q",10Q,SUB_ICB_LOC,31-Mar-26,DIAG_RATE_65_PLUS_LL,58.4,
"NHS BUCKINGHAMSHIRE, OXFORDSHIRE AND BERKSHIRE WEST ICB - 10Q",10Q,SUB_ICB_LOC,31-Mar-26,DIAG_RATE_65_PLUS_UL,70.6,
NHS HAMPSHIRE AND ISLE OF WIGHT ICB - 10R,10R,SUB_ICB_LOC,31-Mar-26,DEMENTIA_ESTIMATE_65_PLUS,2247.7,
NHS HAMPSHIRE AND ISLE OF WIGHT ICB - 10R,10R,SUB_ICB_LOC,31-Mar-26,DEMENTIA_REGISTER_65_PLUS,1606,
NHS HAMPSHIRE AND ISLE OF WIGHT ICB - 10R,10R,SUB_ICB_LOC,31-Mar-26,DIAG_RATE_65_PLUS,71.5,
NHS HAMPSHIRE AND ISLE OF WIGHT ICB - 10R,10R,SUB_ICB_LOC,31-Mar-26,DIAG_RATE_65_PLUS_LL,63.4,
NHS HAMPSHIRE AND ISLE OF WIGHT ICB - 10R,10R,SUB_ICB_LOC,31-Mar-26,DIAG_RATE_65_PLUS_UL,78.2,
NHS SOUTH YORKSHIRE ICB - 03L,03L,SUB_ICB_LOC,31-Mar-26,DEMENTIA_ESTIMATE_65_PLUS,3375.5,
NHS SOUTH YORKSHIRE ICB - 03L,03L,SUB_ICB_LOC,31-Mar-26,DEMENTIA_REGISTER_65_PLUS,2996,
NHS SOUTH YORKSHIRE ICB - 03L,03L,SUB_ICB_LOC,31-Mar-26,DIAG_RATE_65_PLUS,88.8,
NHS SOUTH YORKSHIRE ICB - 03L,03L,SUB_ICB_LOC,31-Mar-26,DIAG_RATE_65_PLUS_LL,79.2,
NHS SOUTH YORKSHIRE ICB - 03L,03L,SUB_ICB_LOC,31-Mar-26,DIAG_RATE_65_PLUS_UL,96.8,
NHS GREATER MANCHESTER ICB - 01G,01G,SUB_ICB_LOC,31-Mar-26,DEMENTIA_ESTIMATE_65_PLUS,2458,
NHS GREATER MANCHESTER ICB - 01G,01G,SUB_ICB_LOC,31-Mar-26,DEMENTIA_REGISTER_65_PLUS,1852,
NHS GREATER MANCHESTER ICB - 01G,01G,SUB_ICB_LOC,31-Mar-26,DIAG_RATE_65_PLUS,75.3,
NHS GREATER MANCHESTER ICB - 01G,01G,SUB_ICB_LOC,31-Mar-26,DIAG_RATE_65_PLUS_LL,67.1,
NHS GREATER MANCHESTER ICB - 01G,01G,SUB_ICB_LOC,31-Mar-26,DIAG_RATE_65_PLUS_UL,82.7,
NHS SOUTH YORKSHIRE ICB - 03N,03N,SUB_ICB_LOC,31-Mar-26,DEMENTIA_ESTIMATE_65_PLUS,6445.8,
NHS SOUTH YORKSHIRE ICB - 03N,03N,SUB_ICB_LOC,31-Mar-26,DEMENTIA_REGISTER_65_PLUS,4914,
NHS SOUTH YORKSHIRE ICB - 03N,03N,SUB_ICB_LOC,31-Mar-26,DIAG_RATE_65_PLUS,76.2,
NHS SOUTH YORKSHIRE ICB - 03N,03N,SUB_ICB_LOC,31-Mar-26,DIAG_RATE_65_PLUS_LL,68.3,
NHS SOUTH YORKSHIRE ICB - 03N,03N,SUB_ICB_LOC,31-Mar-26,DIAG_RATE_65_PLUS_UL,82.9,
NHS SOMERSET ICB - 11X,11X,SUB_ICB_LOC,31-Mar-26,DEMENTIA_ESTIMATE_65_PLUS,10267.6,
NHS SOMERSET ICB - 11X,11X,SUB_ICB_LOC,31-Mar-26,DEMENTIA_REGISTER_65_PLUS,5755,
NHS SOMERSET ICB - 11X,11X,SUB_ICB_LOC,31-Mar-26,DIAG_RATE_65_PLUS,56.1,
NHS SOMERSET ICB - 11X,11X,SUB_ICB_LOC,31-Mar-26,DIAG_RATE_65_PLUS_LL,50.2,
NHS SOMERSET ICB - 11X,11X,SUB_ICB_LOC,31-Mar-26,DIAG_RATE_65_PLUS_UL,60.8,
NHS STAFFORDSHIRE AND STOKE-ON-TRENT ICB - 05Q,05Q,SUB_ICB_LOC,31-Mar-26,DEMENTIA_ESTIMATE_65_PLUS,3334.3,
NHS STAFFORDSHIRE AND STOKE-ON-TRENT ICB - 05Q,05Q,SUB_ICB_LOC,31-Mar-26,DEMENTIA_REGISTER_65_PLUS,2180,
NHS STAFFORDSHIRE AND STOKE-ON-TRENT ICB - 05Q,05Q,SUB_ICB_LOC,31-Mar-26,DIAG_RATE_65_PLUS,65.4,
NHS STAFFORDSHIRE AND STOKE-ON-TRENT ICB - 05Q,05Q,SUB_ICB_LOC,31-Mar-26,DIAG_RATE_65_PLUS_LL,58.3,
NHS STAFFORDSHIRE AND STOKE-ON-TRENT ICB - 05Q,05Q,SUB_ICB_LOC,31-Mar-26,DIAG_RATE_65_PLUS_UL,71.4,
NHS CHESHIRE AND MERSEYSIDE ICB - 01T,01T,SUB_ICB_LOC,31-Mar-26,DEMENTIA_ESTIMATE_65_PLUS,2076.9,
NHS CHESHIRE AND MERSEYSIDE ICB - 01T,01T,SUB_ICB_LOC,31-Mar-26,DEMENTIA_REGISTER_65_PLUS,1240,
NHS CHESHIRE AND MERSEYSIDE ICB - 01T,01T,SUB_ICB_LOC,31-Mar-26,DIAG_RATE_65_PLUS,59.7,
NHS CHESHIRE AND MERSEYSIDE ICB - 01T,01T,SUB_ICB_LOC,31-Mar-26,DIAG_RATE_65_PLUS_LL,52.8,
NHS CHESHIRE AND MERSEYSIDE ICB - 01T,01T,SUB_ICB_LOC,31-Mar-26,DIAG_RATE_65_PLUS_UL,65.6,
NHS NORTH EAST AND NORTH CUMBRIA ICB - 00N,00N,SUB_ICB_LOC,31-Mar-26,DEMENTIA_ESTIMATE_65_PLUS,2088.4,
NHS NORTH EAST AND NORTH CUMBRIA ICB - 00N,00N,SUB_ICB_LOC,31-Mar-26,DEMENTIA_REGISTER_65_PLUS,1499,
NHS NORTH EAST AND NORTH CUMBRIA ICB - 00N,00N,SUB_ICB_LOC,31-Mar-26,DIAG_RATE_65_PLUS,71.8,
NHS NORTH EAST AND NORTH CUMBRIA ICB - 00N,00N,SUB_ICB_LOC,31-Mar-26,DIAG_RATE_65_PLUS_LL,63.8,
NHS NORTH EAST AND NORTH CUMBRIA ICB - 00N,00N,SUB_ICB_LOC,31-Mar-26,DIAG_RATE_65_PLUS_UL,78.9,
NHS MID AND SOUTH ESSEX ICB - 99G,99G,SUB_ICB_LOC,31-Mar-26,DEMENTIA_ESTIMATE_65_PLUS,2522.1,
NHS MID AND SOUTH ESSEX ICB - 99G,99G,SUB_ICB_LOC,31-Mar-26,DEMENTIA_REGISTER_65_PLUS,2114,
NHS MID AND SOUTH ESSEX ICB - 99G,99G,SUB_ICB_LOC,31-Mar-26,DIAG_RATE_65_PLUS,83.8,
NHS MID AND SOUTH ESSEX ICB - 99G,99G,SUB_ICB_LOC,31-Mar-26,DIAG_RATE_65_PLUS_LL,74.8,
NHS MID AND SOUTH ESSEX ICB - 99G,99G,SUB_ICB_LOC,31-Mar-26,DIAG_RATE_65_PLUS_UL,91.8,
NHS CHESHIRE AND MERSEYSIDE ICB - 01V,01V,SUB_ICB_LOC,31-Mar-26,DEMENTIA_ESTIMATE_65_PLUS,2468.4,
NHS CHESHIRE AND MERSEYSIDE ICB - 01V,01V,SUB_ICB_LOC,31-Mar-26,DEMENTIA_REGISTER_65_PLUS,1856,
NHS CHESHIRE AND MERSEYSIDE ICB - 01V,01V,SUB_ICB_LOC,31-Mar-26,DIAG_RATE_65_PLUS,75.2,
NHS CHESHIRE AND MERSEYSIDE ICB - 01V,01V,SUB_ICB_LOC,31-Mar-26,DIAG_RATE_65_PLUS_LL,67.2,
NHS CHESHIRE AND MERSEYSIDE ICB - 01V,01V,SUB_ICB_LOC,31-Mar-26,DIAG_RATE_65_PLUS_UL,82.1,
NHS CHESHIRE AND MERSEYSIDE ICB - 01X,01X,SUB_ICB_LOC,31-Mar-26,DEMENTIA_ESTIMATE_65_PLUS,2692.5,
NHS CHESHIRE AND MERSEYSIDE ICB - 01X,01X,SUB_ICB_LOC,31-Mar-26,DEMENTIA_REGISTER_65_PLUS,1798,
NHS CHESHIRE AND MERSEYSIDE ICB - 01X,01X,SUB_ICB_LOC,31-Mar-26,DIAG_RATE_65_PLUS,66.8,
NHS CHESHIRE AND MERSEYSIDE ICB - 01X,01X,SUB_ICB_LOC,31-Mar-26,DIAG_RATE_65_PLUS_LL,59.4,
NHS CHESHIRE AND MERSEYSIDE ICB - 01X,01X,SUB_ICB_LOC,31-Mar-26,DIAG_RATE_65_PLUS_UL,73.2,
NHS STAFFORDSHIRE AND STOKE-ON-TRENT ICB - 05V,05V,SUB_ICB_LOC,31-Mar-26,DEMENTIA_ESTIMATE_65_PLUS,2463.3,
NHS STAFFORDSHIRE AND STOKE-ON-TRENT ICB - 05V,05V,SUB_ICB_LOC,31-Mar-26,DEMENTIA_REGISTER_65_PLUS,1503,
NHS STAFFORDSHIRE AND STOKE-ON-TRENT ICB - 05V,05V,SUB_ICB_LOC,31-Mar-26,DIAG_RATE_65_PLUS,61,
NHS STAFFORDSHIRE AND STOKE-ON-TRENT ICB - 05V,05V,SUB_ICB_LOC,31-Mar-26,DIAG_RATE_65_PLUS_LL,54.2,
NHS STAFFORDSHIRE AND STOKE-ON-TRENT ICB - 05V,05V,SUB_ICB_LOC,31-Mar-26,DIAG_RATE_65_PLUS_UL,66.9,
NHS GREATER MANCHESTER ICB - 01W,01W,SUB_ICB_LOC,31-Mar-26,DEMENTIA_ESTIMATE_65_PLUS,4335.4,
NHS GREATER MANCHESTER ICB - 01W,01W,SUB_ICB_LOC,31-Mar-26,DEMENTIA_REGISTER_65_PLUS,3238,
NHS GREATER MANCHESTER ICB - 01W,01W,SUB_ICB_LOC,31-Mar-26,DIAG_RATE_65_PLUS,74.7,
NHS GREATER MANCHESTER ICB - 01W,01W,SUB_ICB_LOC,31-Mar-26,DIAG_RATE_65_PLUS_LL,67,
NHS GREATER MANCHESTER ICB - 01W,01W,SUB_ICB_LOC,31-Mar-26,DIAG_RATE_65_PLUS_UL,81.4,
NHS STAFFORDSHIRE AND STOKE-ON-TRENT ICB - 05W,05W,SUB_ICB_LOC,31-Mar-26,DEMENTIA_ESTIMATE_65_PLUS,3314.1,
NHS STAFFORDSHIRE AND STOKE-ON-TRENT ICB - 05W,05W,SUB_ICB_LOC,31-Mar-26,DEMENTIA_REGISTER_65_PLUS,3060,
NHS STAFFORDSHIRE AND STOKE-ON-TRENT ICB - 05W,05W,SUB_ICB_LOC,31-Mar-26,DIAG_RATE_65_PLUS,92.3,
NHS STAFFORDSHIRE AND STOKE-ON-TRENT ICB - 05W,05W,SUB_ICB_LOC,31-Mar-26,DIAG_RATE_65_PLUS_LL,82.5,
NHS STAFFORDSHIRE AND STOKE-ON-TRENT ICB - 05W,05W,SUB_ICB_LOC,31-Mar-26,DIAG_RATE_65_PLUS_UL,100.8,
NHS NORTH EAST AND NORTH CUMBRIA ICB - 00P,00P,SUB_ICB_LOC,31-Mar-26,DEMENTIA_ESTIMATE_65_PLUS,3738.7,
NHS NORTH EAST AND NORTH CUMBRIA ICB - 00P,00P,SUB_ICB_LOC,31-Mar-26,DEMENTIA_REGISTER_65_PLUS,2535,
NHS NORTH EAST AND NORTH CUMBRIA ICB - 00P,00P,SUB_ICB_LOC,31-Mar-26,DIAG_RATE_65_PLUS,67.8,
NHS NORTH EAST AND NORTH CUMBRIA ICB - 00P,00P,SUB_ICB_LOC,31-Mar-26,DIAG_RATE_65_PLUS_LL,60.5,
NHS NORTH EAST AND NORTH CUMBRIA ICB - 00P,00P,SUB_ICB_LOC,31-Mar-26,DIAG_RATE_65_PLUS_UL,74.1,
NHS MID AND SOUTH ESSEX ICB - 07G,07G,SUB_ICB_LOC,31-Mar-26,DEMENTIA_ESTIMATE_65_PLUS,1629.3,
NHS MID AND SOUTH ESSEX ICB - 07G,07G,SUB_ICB_LOC,31-Mar-26,DEMENTIA_REGISTER_65_PLUS,1049,
NHS MID AND SOUTH ESSEX ICB - 07G,07G,SUB_ICB_LOC,31-Mar-26,DIAG_RATE_65_PLUS,64.4,
NHS MID AND SOUTH ESSEX ICB - 07G,07G,SUB_ICB_LOC,31-Mar-26,DIAG_RATE_65_PLUS_LL,56.7,
NHS MID AND SOUTH ESSEX ICB - 07G,07G,SUB_ICB_LOC,31-Mar-26,DIAG_RATE_65_PLUS_UL,71.1,
NHS GREATER MANCHESTER ICB - 02A,02A,SUB_ICB_LOC,31-Mar-26,DEMENTIA_ESTIMATE_65_PLUS,2952.8,
NHS GREATER MANCHESTER ICB - 02A,02A,SUB_ICB_LOC,31-Mar-26,DEMENTIA_REGISTER_65_PLUS,2088,
NHS GREATER MANCHESTER ICB - 02A,02A,SUB_ICB_LOC,31-Mar-26,DIAG_RATE_65_PLUS,70.7,
NHS GREATER MANCHESTER ICB - 02A,02A,SUB_ICB_LOC,31-Mar-26,DIAG_RATE_65_PLUS_LL,63.1,
NHS GREATER MANCHESTER ICB - 02A,02A,SUB_ICB_LOC,31-Mar-26,DIAG_RATE_65_PLUS_UL,77.2,
NHS HUMBER AND NORTH YORKSHIRE ICB - 03Q,03Q,SUB_ICB_LOC,31-Mar-26,DEMENTIA_ESTIMATE_65_PLUS,3364.9,
NHS HUMBER AND NORTH YORKSHIRE ICB - 03Q,03Q,SUB_ICB_LOC,31-Mar-26,DEMENTIA_REGISTER_65_PLUS,1970,
NHS HUMBER AND NORTH YORKSHIRE ICB - 03Q,03Q,SUB_ICB_LOC,31-Mar-26,DIAG_RATE_65_PLUS,58.5,
NHS HUMBER AND NORTH YORKSHIRE ICB - 03Q,03Q,SUB_ICB_LOC,31-Mar-26,DIAG_RATE_65_PLUS_LL,52.3,
NHS HUMBER AND NORTH YORKSHIRE ICB - 03Q,03Q,SUB_ICB_LOC,31-Mar-26,DIAG_RATE_65_PLUS_UL,64.1,
NHS WEST YORKSHIRE ICB - 03R,03R,SUB_ICB_LOC,31-Mar-26,DEMENTIA_ESTIMATE_65_PLUS,4715.6,
NHS WEST YORKSHIRE ICB - 03R,03R,SUB_ICB_LOC,31-Mar-26,DEMENTIA_REGISTER_65_PLUS,3072,
NHS WEST YORKSHIRE ICB - 03R,03R,SUB_ICB_LOC,31-Mar-26,DIAG_RATE_65_PLUS,65.1,
NHS WEST YORKSHIRE ICB - 03R,03R,SUB_ICB_LOC,31-Mar-26,DIAG_RATE_65_PLUS_LL,58.1,
NHS WEST YORKSHIRE ICB - 03R,03R,SUB_ICB_LOC,31-Mar-26,DIAG_RATE_65_PLUS_UL,71.2,
NHS CHESHIRE AND MERSEYSIDE ICB - 02E,02E,SUB_ICB_LOC,31-Mar-26,DEMENTIA_ESTIMATE_65_PLUS,2873.8,
NHS CHESHIRE AND MERSEYSIDE ICB - 02E,02E,SUB_ICB_LOC,31-Mar-26,DEMENTIA_REGISTER_65_PLUS,2061,
NHS CHESHIRE AND MERSEYSIDE ICB - 02E,02E,SUB_ICB_LOC,31-Mar-26,DIAG_RATE_65_PLUS,71.7,
NHS CHESHIRE AND MERSEYSIDE ICB - 02E,02E,SUB_ICB_LOC,31-Mar-26,DIAG_RATE_65_PLUS_LL,63.9,
NHS CHESHIRE AND MERSEYSIDE ICB - 02E,02E,SUB_ICB_LOC,31-Mar-26,DIAG_RATE_65_PLUS_UL,78.6,
NHS HERTFORDSHIRE AND WEST ESSEX ICB - 07H,07H,SUB_ICB_LOC,31-Mar-26,DEMENTIA_ESTIMATE_65_PLUS,4195.8,
NHS HERTFORDSHIRE AND WEST ESSEX ICB - 07H,07H,SUB_ICB_LOC,31-Mar-26,DEMENTIA_REGISTER_65_PLUS,3099,
NHS HERTFORDSHIRE AND WEST ESSEX ICB - 07H,07H,SUB_ICB_LOC,31-Mar-26,DIAG_RATE_65_PLUS,73.9,
NHS HERTFORDSHIRE AND WEST ESSEX ICB - 07H,07H,SUB_ICB_LOC,31-Mar-26,DIAG_RATE_65_PLUS_LL,66.2,
NHS HERTFORDSHIRE AND WEST ESSEX ICB - 07H,07H,SUB_ICB_LOC,31-Mar-26,DIAG_RATE_65_PLUS_UL,80.5,
NHS LANCASHIRE AND SOUTH CUMBRIA ICB - 02G,02G,SUB_ICB_LOC,31-Mar-26,DEMENTIA_ESTIMATE_65_PLUS,1757.4,
NHS LANCASHIRE AND SOUTH CUMBRIA ICB - 02G,02G,SUB_ICB_LOC,31-Mar-26,DEMENTIA_REGISTER_65_PLUS,1175,
NHS LANCASHIRE AND SOUTH CUMBRIA ICB - 02G,02G,SUB_ICB_LOC,31-Mar-26,DIAG_RATE_65_PLUS,66.9,
NHS LANCASHIRE AND SOUTH CUMBRIA ICB - 02G,02G,SUB_ICB_LOC,31-Mar-26,DIAG_RATE_65_PLUS_LL,59.2,
NHS LANCASHIRE AND SOUTH CUMBRIA ICB - 02G,02G,SUB_ICB_LOC,31-Mar-26,DIAG_RATE_65_PLUS_UL,73.6,
"NHS LEICESTER, LEICESTERSHIRE AND RUTLAND ICB - 04V",04V,SUB_ICB_LOC,31-Mar-26,DEMENTIA_ESTIMATE_65_PLUS,5514.9,
"NHS LEICESTER, LEICESTERSHIRE AND RUTLAND ICB - 04V",04V,SUB_ICB_LOC,31-Mar-26,DEMENTIA_REGISTER_65_PLUS,3332,
"NHS LEICESTER, LEICESTERSHIRE AND RUTLAND ICB - 04V",04V,SUB_ICB_LOC,31-Mar-26,DIAG_RATE_65_PLUS,60.4,
"NHS LEICESTER, LEICESTERSHIRE AND RUTLAND ICB - 04V",04V,SUB_ICB_LOC,31-Mar-26,DIAG_RATE_65_PLUS_LL,54,
"NHS LEICESTER, LEICESTERSHIRE AND RUTLAND ICB - 04V",04V,SUB_ICB_LOC,31-Mar-26,DIAG_RATE_65_PLUS_UL,65.9,
NHS SUFFOLK AND NORTH EAST ESSEX ICB - 07K,07K,SUB_ICB_LOC,31-Mar-26,DEMENTIA_ESTIMATE_65_PLUS,4526.8,
NHS SUFFOLK AND NORTH EAST ESSEX ICB - 07K,07K,SUB_ICB_LOC,31-Mar-26,DEMENTIA_REGISTER_65_PLUS,2385,
NHS SUFFOLK AND NORTH EAST ESSEX ICB - 07K,07K,SUB_ICB_LOC,31-Mar-26,DIAG_RATE_65_PLUS,52.7,
NHS SUFFOLK AND NORTH EAST ESSEX ICB - 07K,07K,SUB_ICB_LOC,31-Mar-26,DIAG_RATE_65_PLUS_LL,47.2,
NHS SUFFOLK AND NORTH EAST ESSEX ICB - 07K,07K,SUB_ICB_LOC,31-Mar-26,DIAG_RATE_65_PLUS_UL,57.6,
NHS GREATER MANCHESTER ICB - 02H,02H,SUB_ICB_LOC,31-Mar-26,DEMENTIA_ESTIMATE_65_PLUS,4196,
NHS GREATER MANCHESTER ICB - 02H,02H,SUB_ICB_LOC,31-Mar-26,DEMENTIA_REGISTER_65_PLUS,3020,
NHS GREATER MANCHESTER ICB - 02H,02H,SUB_ICB_LOC,31-Mar-26,DIAG_RATE_65_PLUS,72,
NHS GREATER MANCHESTER ICB - 02H,02H,SUB_ICB_LOC,31-Mar-26,DIAG_RATE_65_PLUS_LL,64.3,
NHS GREATER MANCHESTER ICB - 02H,02H,SUB_ICB_LOC,31-Mar-26,DIAG_RATE_65_PLUS_UL,78.6,
NHS CHESHIRE AND MERSEYSIDE ICB - 12F,12F,SUB_ICB_LOC,31-Mar-26,DEMENTIA_ESTIMATE_65_PLUS,5029.4,
NHS CHESHIRE AND MERSEYSIDE ICB - 12F,12F,SUB_ICB_LOC,31-Mar-26,DEMENTIA_REGISTER_65_PLUS,3335,
NHS CHESHIRE AND MERSEYSIDE ICB - 12F,12F,SUB_ICB_LOC,31-Mar-26,DIAG_RATE_65_PLUS,66.3,
NHS CHESHIRE AND MERSEYSIDE ICB - 12F,12F,SUB_ICB_LOC,31-Mar-26,DIAG_RATE_65_PLUS_LL,59.4,
NHS CHESHIRE AND MERSEYSIDE ICB - 12F,12F,SUB_ICB_LOC,31-Mar-26,DIAG_RATE_65_PLUS_UL,72.3,
NHS NORTH EAST AND NORTH CUMBRIA ICB - 13T,13T,SUB_ICB_LOC,31-Mar-26,DEMENTIA_ESTIMATE_65_PLUS,5695.7,
NHS NORTH EAST AND NORTH CUMBRIA ICB - 13T,13T,SUB_ICB_LOC,31-Mar-26,DEMENTIA_REGISTER_65_PLUS,4122,
NHS NORTH EAST AND NORTH CUMBRIA ICB - 13T,13T,SUB_ICB_LOC,31-Mar-26,DIAG_RATE_65_PLUS,72.4,
NHS NORTH EAST AND NORTH CUMBRIA ICB - 13T,13T,SUB_ICB_LOC,31-Mar-26,DIAG_RATE_65_PLUS_LL,64.8,
NHS NORTH EAST AND NORTH CUMBRIA ICB - 13T,13T,SUB_ICB_LOC,31-Mar-26,DIAG_RATE_65_PLUS_UL,78.8,
NHS NORTH EAST AND NORTH CUMBRIA ICB - 01H,01H,SUB_ICB_LOC,31-Mar-26,DEMENTIA_ESTIMATE_65_PLUS,5305.8,
NHS NORTH EAST AND NORTH CUMBRIA ICB - 01H,01H,SUB_ICB_LOC,31-Mar-26,DEMENTIA_REGISTER_65_PLUS,3097,
NHS NORTH EAST AND NORTH CUMBRIA ICB - 01H,01H,SUB_ICB_LOC,31-Mar-26,DIAG_RATE_65_PLUS,58.4,
NHS NORTH EAST AND NORTH CUMBRIA ICB - 01H,01H,SUB_ICB_LOC,31-Mar-26,DIAG_RATE_65_PLUS_LL,52.1,
NHS NORTH EAST AND NORTH CUMBRIA ICB - 01H,01H,SUB_ICB_LOC,31-Mar-26,DIAG_RATE_65_PLUS_UL,63.5,
NHS GREATER MANCHESTER ICB - 14L,14L,SUB_ICB_LOC,31-Mar-26,DEMENTIA_ESTIMATE_65_PLUS,3885.6,
NHS GREATER MANCHESTER ICB - 14L,14L,SUB_ICB_LOC,31-Mar-26,DEMENTIA_REGISTER_65_PLUS,2968,
NHS GREATER MANCHESTER ICB - 14L,14L,SUB_ICB_LOC,31-Mar-26,DIAG_RATE_65_PLUS,76.4,
NHS GREATER MANCHESTER ICB - 14L,14L,SUB_ICB_LOC,31-Mar-26,DIAG_RATE_65_PLUS_LL,68,
NHS GREATER MANCHESTER ICB - 14L,14L,SUB_ICB_LOC,31-Mar-26,DIAG_RATE_65_PLUS_UL,83.5,
"NHS BUCKINGHAMSHIRE, OXFORDSHIRE AND BERKSHIRE WEST ICB - 15A",15A,SUB_ICB_LOC,31-Mar-26,DEMENTIA_ESTIMATE_65_PLUS,6285.4,
"NHS BUCKINGHAMSHIRE, OXFORDSHIRE AND BERKSHIRE WEST ICB - 15A",15A,SUB_ICB_LOC,31-Mar-26,DEMENTIA_REGISTER_65_PLUS,4101,
"NHS BUCKINGHAMSHIRE, OXFORDSHIRE AND BERKSHIRE WEST ICB - 15A",15A,SUB_ICB_LOC,31-Mar-26,DIAG_RATE_65_PLUS,65.2,
"NHS BUCKINGHAMSHIRE, OXFORDSHIRE AND BERKSHIRE WEST ICB - 15A",15A,SUB_ICB_LOC,31-Mar-26,DIAG_RATE_65_PLUS_LL,58.5,
"NHS BUCKINGHAMSHIRE, OXFORDSHIRE AND BERKSHIRE WEST ICB - 15A",15A,SUB_ICB_LOC,31-Mar-26,DIAG_RATE_65_PLUS_UL,71,
"NHS BRISTOL, NORTH SOMERSET AND SOUTH GLOUCESTERSHIRE ICB - 15C",15C,SUB_ICB_LOC,31-Mar-26,DEMENTIA_ESTIMATE_65_PLUS,12258.9,
"NHS BRISTOL, NORTH SOMERSET AND SOUTH GLOUCESTERSHIRE ICB - 15C",15C,SUB_ICB_LOC,31-Mar-26,DEMENTIA_REGISTER_65_PLUS,8808,
"NHS BRISTOL, NORTH SOMERSET AND SOUTH GLOUCESTERSHIRE ICB - 15C",15C,SUB_ICB_LOC,31-Mar-26,DIAG_RATE_65_PLUS,71.8,
"NHS BRISTOL, NORTH SOMERSET AND SOUTH GLOUCESTERSHIRE ICB - 15C",15C,SUB_ICB_LOC,31-Mar-26,DIAG_RATE_65_PLUS_LL,64.7,
"NHS BRISTOL, NORTH SOMERSET AND SOUTH GLOUCESTERSHIRE ICB - 15C",15C,SUB_ICB_LOC,31-Mar-26,DIAG_RATE_65_PLUS_UL,78.3,
"NHS BUCKINGHAMSHIRE, OXFORDSHIRE AND BERKSHIRE WEST ICB - 14Y",14Y,SUB_ICB_LOC,31-Mar-26,DEMENTIA_ESTIMATE_65_PLUS,7828.4,
"NHS BUCKINGHAMSHIRE, OXFORDSHIRE AND BERKSHIRE WEST ICB - 14Y",14Y,SUB_ICB_LOC,31-Mar-26,DEMENTIA_REGISTER_65_PLUS,4639,
"NHS BUCKINGHAMSHIRE, OXFORDSHIRE AND BERKSHIRE WEST ICB - 14Y",14Y,SUB_ICB_LOC,31-Mar-26,DIAG_RATE_65_PLUS,59.3,
"NHS BUCKINGHAMSHIRE, OXFORDSHIRE AND BERKSHIRE WEST ICB - 14Y",14Y,SUB_ICB_LOC,31-Mar-26,DIAG_RATE_65_PLUS_LL,53.2,
"NHS BUCKINGHAMSHIRE, OXFORDSHIRE AND BERKSHIRE WEST ICB - 14Y",14Y,SUB_ICB_LOC,31-Mar-26,DIAG_RATE_65_PLUS_UL,64.7,
NHS WEST YORKSHIRE ICB - 15F,15F,SUB_ICB_LOC,31-Mar-26,DEMENTIA_ESTIMATE_65_PLUS,9166.7,
NHS WEST YORKSHIRE ICB - 15F,15F,SUB_ICB_LOC,31-Mar-26,DEMENTIA_REGISTER_65_PLUS,6875,
NHS WEST YORKSHIRE ICB - 15F,15F,SUB_ICB_LOC,31-Mar-26,DIAG_RATE_65_PLUS,75,
NHS WEST YORKSHIRE ICB - 15F,15F,SUB_ICB_LOC,31-Mar-26,DIAG_RATE_65_PLUS_LL,67.2,
NHS WEST YORKSHIRE ICB - 15F,15F,SUB_ICB_LOC,31-Mar-26,DIAG_RATE_65_PLUS_UL,81.6,
NHS LANCASHIRE AND SOUTH CUMBRIA ICB - 02M,02M,SUB_ICB_LOC,31-Mar-26,DEMENTIA_ESTIMATE_65_PLUS,3684.3,
NHS LANCASHIRE AND SOUTH CUMBRIA ICB - 02M,02M,SUB_ICB_LOC,31-Mar-26,DEMENTIA_REGISTER_65_PLUS,2416,
NHS LANCASHIRE AND SOUTH CUMBRIA ICB - 02M,02M,SUB_ICB_LOC,31-Mar-26,DIAG_RATE_65_PLUS,65.6,
NHS LANCASHIRE AND SOUTH CUMBRIA ICB - 02M,02M,SUB_ICB_LOC,31-Mar-26,DIAG_RATE_65_PLUS_LL,58.7,
NHS LANCASHIRE AND SOUTH CUMBRIA ICB - 02M,02M,SUB_ICB_LOC,31-Mar-26,DIAG_RATE_65_PLUS_UL,71.5,
NHS LANCASHIRE AND SOUTH CUMBRIA ICB - 01E,01E,SUB_ICB_LOC,31-Mar-26,DEMENTIA_ESTIMATE_65_PLUS,2413,
NHS LANCASHIRE AND SOUTH CUMBRIA ICB - 01E,01E,SUB_ICB_LOC,31-Mar-26,DEMENTIA_REGISTER_65_PLUS,1779,
NHS LANCASHIRE AND SOUTH CUMBRIA ICB - 01E,01E,SUB_ICB_LOC,31-Mar-26,DIAG_RATE_65_PLUS,73.7,
NHS LANCASHIRE AND SOUTH CUMBRIA ICB - 01E,01E,SUB_ICB_LOC,31-Mar-26,DIAG_RATE_65_PLUS_LL,65.6,
NHS LANCASHIRE AND SOUTH CUMBRIA ICB - 01E,01E,SUB_ICB_LOC,31-Mar-26,DIAG_RATE_65_PLUS_UL,80.7,
NHS LANCASHIRE AND SOUTH CUMBRIA ICB - 01K,01K,SUB_ICB_LOC,31-Mar-26,DEMENTIA_ESTIMATE_65_PLUS,5464.5,
NHS LANCASHIRE AND SOUTH CUMBRIA ICB - 01K,01K,SUB_ICB_LOC,31-Mar-26,DEMENTIA_REGISTER_65_PLUS,3850,
NHS LANCASHIRE AND SOUTH CUMBRIA ICB - 01K,01K,SUB_ICB_LOC,31-Mar-26,DIAG_RATE_65_PLUS,70.5,
NHS LANCASHIRE AND SOUTH CUMBRIA ICB - 01K,01K,SUB_ICB_LOC,31-Mar-26,DIAG_RATE_65_PLUS_LL,63.1,
NHS LANCASHIRE AND SOUTH CUMBRIA ICB - 01K,01K,SUB_ICB_LOC,31-Mar-26,DIAG_RATE_65_PLUS_UL,76.7,
NHS DEVON ICB - 15N,15N,SUB_ICB_LOC,31-Mar-26,DEMENTIA_ESTIMATE_65_PLUS,21050.6,
NHS DEVON ICB - 15N,15N,SUB_ICB_LOC,31-Mar-26,DEMENTIA_REGISTER_65_PLUS,12345,
NHS DEVON ICB - 15N,15N,SUB_ICB_LOC,31-Mar-26,DIAG_RATE_65_PLUS,58.6,
NHS DEVON ICB - 15N,15N,SUB_ICB_LOC,31-Mar-26,DIAG_RATE_65_PLUS_LL,52.9,
NHS DEVON ICB - 15N,15N,SUB_ICB_LOC,31-Mar-26,DIAG_RATE_65_PLUS_UL,63.7,
"NHS BATH AND NORTH EAST SOMERSET, SWINDON AND WILTSHIRE ICB - 92G",92G,SUB_ICB_LOC,31-Mar-26,DEMENTIA_ESTIMATE_65_PLUS,14254.3,
"NHS BATH AND NORTH EAST SOMERSET, SWINDON AND WILTSHIRE ICB - 92G",92G,SUB_ICB_LOC,31-Mar-26,DEMENTIA_REGISTER_65_PLUS,8977,
"NHS BATH AND NORTH EAST SOMERSET, SWINDON AND WILTSHIRE ICB - 92G",92G,SUB_ICB_LOC,31-Mar-26,DIAG_RATE_65_PLUS,63,
"NHS BATH AND NORTH EAST SOMERSET, SWINDON AND WILTSHIRE ICB - 92G",92G,SUB_ICB_LOC,31-Mar-26,DIAG_RATE_65_PLUS_LL,56.7,
"NHS BATH AND NORTH EAST SOMERSET, SWINDON AND WILTSHIRE ICB - 92G",92G,SUB_ICB_LOC,31-Mar-26,DIAG_RATE_65_PLUS_UL,68.3,
NHS WEST YORKSHIRE ICB - 36J,36J,SUB_ICB_LOC,31-Mar-26,DEMENTIA_ESTIMATE_65_PLUS,6812.7,
NHS WEST YORKSHIRE ICB - 36J,36J,SUB_ICB_LOC,31-Mar-26,DEMENTIA_REGISTER_65_PLUS,5051,
NHS WEST YORKSHIRE ICB - 36J,36J,SUB_ICB_LOC,31-Mar-26,DIAG_RATE_65_PLUS,74.1,
NHS WEST YORKSHIRE ICB - 36J,36J,SUB_ICB_LOC,31-Mar-26,DIAG_RATE_65_PLUS_LL,66.5,
NHS WEST YORKSHIRE ICB - 36J,36J,SUB_ICB_LOC,31-Mar-26,DIAG_RATE_65_PLUS_UL,80.9,
NHS CHESHIRE AND MERSEYSIDE ICB - 27D,27D,SUB_ICB_LOC,31-Mar-26,DEMENTIA_ESTIMATE_65_PLUS,12145.2,
NHS CHESHIRE AND MERSEYSIDE ICB - 27D,27D,SUB_ICB_LOC,31-Mar-26,DEMENTIA_REGISTER_65_PLUS,8334,
NHS CHESHIRE AND MERSEYSIDE ICB - 27D,27D,SUB_ICB_LOC,31-Mar-26,DIAG_RATE_65_PLUS,68.6,
NHS CHESHIRE AND MERSEYSIDE ICB - 27D,27D,SUB_ICB_LOC,31-Mar-26,DIAG_RATE_65_PLUS_LL,61.8,
NHS CHESHIRE AND MERSEYSIDE ICB - 27D,27D,SUB_ICB_LOC,31-Mar-26,DIAG_RATE_65_PLUS_UL,74.5,
NHS NORTH EAST AND NORTH CUMBRIA ICB - 84H,84H,SUB_ICB_LOC,31-Mar-26,DEMENTIA_ESTIMATE_65_PLUS,7655.5,
NHS NORTH EAST AND NORTH CUMBRIA ICB - 84H,84H,SUB_ICB_LOC,31-Mar-26,DEMENTIA_REGISTER_65_PLUS,5477,
NHS NORTH EAST AND NORTH CUMBRIA ICB - 84H,84H,SUB_ICB_LOC,31-Mar-26,DIAG_RATE_65_PLUS,71.5,
NHS NORTH EAST AND NORTH CUMBRIA ICB - 84H,84H,SUB_ICB_LOC,31-Mar-26,DIAG_RATE_65_PLUS_LL,64,
NHS NORTH EAST AND NORTH CUMBRIA ICB - 84H,84H,SUB_ICB_LOC,31-Mar-26,DIAG_RATE_65_PLUS_UL,77.8,
NHS SUSSEX ICB - 97R,97R,SUB_ICB_LOC,31-Mar-26,DEMENTIA_ESTIMATE_65_PLUS,10405.5,
NHS SUSSEX ICB - 97R,97R,SUB_ICB_LOC,31-Mar-26,DEMENTIA_REGISTER_65_PLUS,6361,
NHS SUSSEX ICB - 97R,97R,SUB_ICB_LOC,31-Mar-26,DIAG_RATE_65_PLUS,61.1,
NHS SUSSEX ICB - 97R,97R,SUB_ICB_LOC,31-Mar-26,DIAG_RATE_65_PLUS_LL,54.9,
NHS SUSSEX ICB - 97R,97R,SUB_ICB_LOC,31-Mar-26,DIAG_RATE_65_PLUS_UL,66.5,
NHS HEREFORDSHIRE AND WORCESTERSHIRE ICB - 18C,18C,SUB_ICB_LOC,31-Mar-26,DEMENTIA_ESTIMATE_65_PLUS,13329.6,
NHS HEREFORDSHIRE AND WORCESTERSHIRE ICB - 18C,18C,SUB_ICB_LOC,31-Mar-26,DEMENTIA_REGISTER_65_PLUS,7520,
NHS HEREFORDSHIRE AND WORCESTERSHIRE ICB - 18C,18C,SUB_ICB_LOC,31-Mar-26,DIAG_RATE_65_PLUS,56.4,
NHS HEREFORDSHIRE AND WORCESTERSHIRE ICB - 18C,18C,SUB_ICB_LOC,31-Mar-26,DIAG_RATE_65_PLUS_LL,50.7,
NHS HEREFORDSHIRE AND WORCESTERSHIRE ICB - 18C,18C,SUB_ICB_LOC,31-Mar-26,DIAG_RATE_65_PLUS_UL,61.3,
NHS KENT AND MEDWAY ICB - 91Q,91Q,SUB_ICB_LOC,31-Mar-26,DEMENTIA_ESTIMATE_65_PLUS,26493,
NHS KENT AND MEDWAY ICB - 91Q,91Q,SUB_ICB_LOC,31-Mar-26,DEMENTIA_REGISTER_65_PLUS,16495,
NHS KENT AND MEDWAY ICB - 91Q,91Q,SUB_ICB_LOC,31-Mar-26,DIAG_RATE_65_PLUS,62.3,
NHS KENT AND MEDWAY ICB - 91Q,91Q,SUB_ICB_LOC,31-Mar-26,DIAG_RATE_65_PLUS_LL,56.1,
NHS KENT AND MEDWAY ICB - 91Q,91Q,SUB_ICB_LOC,31-Mar-26,DIAG_RATE_65_PLUS_UL,67.6,
NHS LINCOLNSHIRE ICB - 71E,71E,SUB_ICB_LOC,31-Mar-26,DEMENTIA_ESTIMATE_65_PLUS,12989.9,
NHS LINCOLNSHIRE ICB - 71E,71E,SUB_ICB_LOC,31-Mar-26,DEMENTIA_REGISTER_65_PLUS,9048,
NHS LINCOLNSHIRE ICB - 71E,71E,SUB_ICB_LOC,31-Mar-26,DIAG_RATE_65_PLUS,69.7,
NHS LINCOLNSHIRE ICB - 71E,71E,SUB_ICB_LOC,31-Mar-26,DIAG_RATE_65_PLUS_LL,62.7,
NHS LINCOLNSHIRE ICB - 71E,71E,SUB_ICB_LOC,31-Mar-26,DIAG_RATE_65_PLUS_UL,75.7,
NHS NORFOLK AND WAVENEY ICB - 26A,26A,SUB_ICB_LOC,31-Mar-26,DEMENTIA_ESTIMATE_65_PLUS,18619.5,
NHS NORFOLK AND WAVENEY ICB - 26A,26A,SUB_ICB_LOC,31-Mar-26,DEMENTIA_REGISTER_65_PLUS,11886,
NHS NORFOLK AND WAVENEY ICB - 26A,26A,SUB_ICB_LOC,31-Mar-26,DIAG_RATE_65_PLUS,63.8,
NHS NORFOLK AND WAVENEY ICB - 26A,26A,SUB_ICB_LOC,31-Mar-26,DIAG_RATE_65_PLUS_LL,57.4,
NHS NORFOLK AND WAVENEY ICB - 26A,26A,SUB_ICB_LOC,31-Mar-26,DIAG_RATE_65_PLUS_UL,69.2,
NHS NORTH CENTRAL LONDON ICB - 93C,93C,SUB_ICB_LOC,31-Mar-26,DEMENTIA_ESTIMATE_65_PLUS,13534.8,
NHS NORTH CENTRAL LONDON ICB - 93C,93C,SUB_ICB_LOC,31-Mar-26,DEMENTIA_REGISTER_65_PLUS,9179,
NHS NORTH CENTRAL LONDON ICB - 93C,93C,SUB_ICB_LOC,31-Mar-26,DIAG_RATE_65_PLUS,67.8,
NHS NORTH CENTRAL LONDON ICB - 93C,93C,SUB_ICB_LOC,31-Mar-26,DIAG_RATE_65_PLUS_LL,60.8,
NHS NORTH CENTRAL LONDON ICB - 93C,93C,SUB_ICB_LOC,31-Mar-26,DIAG_RATE_65_PLUS_UL,73.8,
NHS HUMBER AND NORTH YORKSHIRE ICB - 42D,42D,SUB_ICB_LOC,31-Mar-26,DEMENTIA_ESTIMATE_65_PLUS,9836.6,
NHS HUMBER AND NORTH YORKSHIRE ICB - 42D,42D,SUB_ICB_LOC,31-Mar-26,DEMENTIA_REGISTER_65_PLUS,5899,
NHS HUMBER AND NORTH YORKSHIRE ICB - 42D,42D,SUB_ICB_LOC,31-Mar-26,DIAG_RATE_65_PLUS,60,
NHS HUMBER AND NORTH YORKSHIRE ICB - 42D,42D,SUB_ICB_LOC,31-Mar-26,DIAG_RATE_65_PLUS_LL,53.9,
NHS HUMBER AND NORTH YORKSHIRE ICB - 42D,42D,SUB_ICB_LOC,31-Mar-26,DIAG_RATE_65_PLUS_UL,65,
NHS NOTTINGHAM AND NOTTINGHAMSHIRE ICB - 52R,52R,SUB_ICB_LOC,31-Mar-26,DEMENTIA_ESTIMATE_65_PLUS,13306.6,
NHS NOTTINGHAM AND NOTTINGHAMSHIRE ICB - 52R,52R,SUB_ICB_LOC,31-Mar-26,DEMENTIA_REGISTER_65_PLUS,9178,
NHS NOTTINGHAM AND NOTTINGHAMSHIRE ICB - 52R,52R,SUB_ICB_LOC,31-Mar-26,DIAG_RATE_65_PLUS,69,
NHS NOTTINGHAM AND NOTTINGHAMSHIRE ICB - 52R,52R,SUB_ICB_LOC,31-Mar-26,DIAG_RATE_65_PLUS_LL,61.9,
NHS NOTTINGHAM AND NOTTINGHAMSHIRE ICB - 52R,52R,SUB_ICB_LOC,31-Mar-26,DIAG_RATE_65_PLUS_UL,74.8,
NHS SOUTH EAST LONDON ICB - 72Q,72Q,SUB_ICB_LOC,31-Mar-26,DEMENTIA_ESTIMATE_65_PLUS,15694.2,
NHS SOUTH EAST LONDON ICB - 72Q,72Q,SUB_ICB_LOC,31-Mar-26,DEMENTIA_REGISTER_65_PLUS,11235,
NHS SOUTH EAST LONDON ICB - 72Q,72Q,SUB_ICB_LOC,31-Mar-26,DIAG_RATE_65_PLUS,71.6,
NHS SOUTH EAST LONDON ICB - 72Q,72Q,SUB_ICB_LOC,31-Mar-26,DIAG_RATE_65_PLUS_LL,64,
NHS SOUTH EAST LONDON ICB - 72Q,72Q,SUB_ICB_LOC,31-Mar-26,DIAG_RATE_65_PLUS_UL,77.6,
NHS SOUTH WEST LONDON ICB - 36L,36L,SUB_ICB_LOC,31-Mar-26,DEMENTIA_ESTIMATE_65_PLUS,14851.3,
NHS SOUTH WEST LONDON ICB - 36L,36L,SUB_ICB_LOC,31-Mar-26,DEMENTIA_REGISTER_65_PLUS,11095,
NHS SOUTH WEST LONDON ICB - 36L,36L,SUB_ICB_LOC,31-Mar-26,DIAG_RATE_65_PLUS,74.7,
NHS SOUTH WEST LONDON ICB - 36L,36L,SUB_ICB_LOC,31-Mar-26,DIAG_RATE_65_PLUS_LL,67,
NHS SOUTH WEST LONDON ICB - 36L,36L,SUB_ICB_LOC,31-Mar-26,DIAG_RATE_65_PLUS_UL,81.1,
NHS NORTH EAST AND NORTH CUMBRIA ICB - 16C,16C,SUB_ICB_LOC,31-Mar-26,DEMENTIA_ESTIMATE_65_PLUS,9084.1,
NHS NORTH EAST AND NORTH CUMBRIA ICB - 16C,16C,SUB_ICB_LOC,31-Mar-26,DEMENTIA_REGISTER_65_PLUS,6654,
NHS NORTH EAST AND NORTH CUMBRIA ICB - 16C,16C,SUB_ICB_LOC,31-Mar-26,DIAG_RATE_65_PLUS,73.2,
NHS NORTH EAST AND NORTH CUMBRIA ICB - 16C,16C,SUB_ICB_LOC,31-Mar-26,DIAG_RATE_65_PLUS_LL,65.7,
NHS NORTH EAST AND NORTH CUMBRIA ICB - 16C,16C,SUB_ICB_LOC,31-Mar-26,DIAG_RATE_65_PLUS_UL,79.6,
"NHS BEDFORDSHIRE, LUTON AND MILTON KEYNES ICB - M1J4Y",M1J4Y,SUB_ICB_LOC,31-Mar-26,DEMENTIA_ESTIMATE_65_PLUS,10952.1,
"NHS BEDFORDSHIRE, LUTON AND MILTON KEYNES ICB - M1J4Y",M1J4Y,SUB_ICB_LOC,31-Mar-26,DEMENTIA_REGISTER_65_PLUS,7671,
"NHS BEDFORDSHIRE, LUTON AND MILTON KEYNES ICB - M1J4Y",M1J4Y,SUB_ICB_LOC,31-Mar-26,DIAG_RATE_65_PLUS,70,
"NHS BEDFORDSHIRE, LUTON AND MILTON KEYNES ICB - M1J4Y",M1J4Y,SUB_ICB_LOC,31-Mar-26,DIAG_RATE_65_PLUS_LL,62.9,
"NHS BEDFORDSHIRE, LUTON AND MILTON KEYNES ICB - M1J4Y",M1J4Y,SUB_ICB_LOC,31-Mar-26,DIAG_RATE_65_PLUS_UL,76.3,
NHS COVENTRY AND WARWICKSHIRE ICB - B2M3M,B2M3M,SUB_ICB_LOC,31-Mar-26,DEMENTIA_ESTIMATE_65_PLUS,12882.8,
NHS COVENTRY AND WARWICKSHIRE ICB - B2M3M,B2M3M,SUB_ICB_LOC,31-Mar-26,DEMENTIA_REGISTER_65_PLUS,7516,
NHS COVENTRY AND WARWICKSHIRE ICB - B2M3M,B2M3M,SUB_ICB_LOC,31-Mar-26,DIAG_RATE_65_PLUS,58.3,
NHS COVENTRY AND WARWICKSHIRE ICB - B2M3M,B2M3M,SUB_ICB_LOC,31-Mar-26,DIAG_RATE_65_PLUS_LL,52.5,
NHS COVENTRY AND WARWICKSHIRE ICB - B2M3M,B2M3M,SUB_ICB_LOC,31-Mar-26,DIAG_RATE_65_PLUS_UL,63.4,
NHS FRIMLEY ICB - D4U1Y,D4U1Y,SUB_ICB_LOC,31-Mar-26,DEMENTIA_ESTIMATE_65_PLUS,9237.5,
NHS FRIMLEY ICB - D4U1Y,D4U1Y,SUB_ICB_LOC,31-Mar-26,DEMENTIA_REGISTER_65_PLUS,6218,
NHS FRIMLEY ICB - D4U1Y,D4U1Y,SUB_ICB_LOC,31-Mar-26,DIAG_RATE_65_PLUS,67.3,
NHS FRIMLEY ICB - D4U1Y,D4U1Y,SUB_ICB_LOC,31-Mar-26,DIAG_RATE_65_PLUS_LL,60.4,
NHS FRIMLEY ICB - D4U1Y,D4U1Y,SUB_ICB_LOC,31-Mar-26,DIAG_RATE_65_PLUS_UL,73.2,
NHS HAMPSHIRE AND ISLE OF WIGHT ICB - D9Y0V,D9Y0V,SUB_ICB_LOC,31-Mar-26,DEMENTIA_ESTIMATE_65_PLUS,25945.8,
NHS HAMPSHIRE AND ISLE OF WIGHT ICB - D9Y0V,D9Y0V,SUB_ICB_LOC,31-Mar-26,DEMENTIA_REGISTER_65_PLUS,16474,
NHS HAMPSHIRE AND ISLE OF WIGHT ICB - D9Y0V,D9Y0V,SUB_ICB_LOC,31-Mar-26,DIAG_RATE_65_PLUS,63.5,
NHS HAMPSHIRE AND ISLE OF WIGHT ICB - D9Y0V,D9Y0V,SUB_ICB_LOC,31-Mar-26,DIAG_RATE_65_PLUS_LL,57.3,
NHS HAMPSHIRE AND ISLE OF WIGHT ICB - D9Y0V,D9Y0V,SUB_ICB_LOC,31-Mar-26,DIAG_RATE_65_PLUS_UL,68.9,
NHS WEST YORKSHIRE ICB - X2C4Y,X2C4Y,SUB_ICB_LOC,31-Mar-26,DEMENTIA_ESTIMATE_65_PLUS,5132.4,
NHS WEST YORKSHIRE ICB - X2C4Y,X2C4Y,SUB_ICB_LOC,31-Mar-26,DEMENTIA_REGISTER_65_PLUS,3422,
NHS WEST YORKSHIRE ICB - X2C4Y,X2C4Y,SUB_ICB_LOC,31-Mar-26,DIAG_RATE_65_PLUS,66.7,
NHS WEST YORKSHIRE ICB - X2C4Y,X2C4Y,SUB_ICB_LOC,31-Mar-26,DIAG_RATE_65_PLUS_LL,59.6,
NHS WEST YORKSHIRE ICB - X2C4Y,X2C4Y,SUB_ICB_LOC,31-Mar-26,DIAG_RATE_65_PLUS_UL,72.6,
NHS NORTH EAST LONDON ICB - A3A8R,A3A8R,SUB_ICB_LOC,31-Mar-26,DEMENTIA_ESTIMATE_65_PLUS,13884.2,
NHS NORTH EAST LONDON ICB - A3A8R,A3A8R,SUB_ICB_LOC,31-Mar-26,DEMENTIA_REGISTER_65_PLUS,8836,
NHS NORTH EAST LONDON ICB - A3A8R,A3A8R,SUB_ICB_LOC,31-Mar-26,DIAG_RATE_65_PLUS,63.6,
NHS NORTH EAST LONDON ICB - A3A8R,A3A8R,SUB_ICB_LOC,31-Mar-26,DIAG_RATE_65_PLUS_LL,56.9,
NHS NORTH EAST LONDON ICB - A3A8R,A3A8R,SUB_ICB_LOC,31-Mar-26,DIAG_RATE_65_PLUS_UL,69.2,
NHS NORTH WEST LONDON ICB - W2U3Z,W2U3Z,SUB_ICB_LOC,31-Mar-26,DEMENTIA_ESTIMATE_65_PLUS,20245,
NHS NORTH WEST LONDON ICB - W2U3Z,W2U3Z,SUB_ICB_LOC,31-Mar-26,DEMENTIA_REGISTER_65_PLUS,13242,
NHS NORTH WEST LONDON ICB - W2U3Z,W2U3Z,SUB_ICB_LOC,31-Mar-26,DIAG_RATE_65_PLUS,65.4,
NHS NORTH WEST LONDON ICB - W2U3Z,W2U3Z,SUB_ICB_LOC,31-Mar-26,DIAG_RATE_65_PLUS_LL,58.5,
NHS NORTH WEST LONDON ICB - W2U3Z,W2U3Z,SUB_ICB_LOC,31-Mar-26,DIAG_RATE_65_PLUS_UL,71,
"NHS SHROPSHIRE, TELFORD AND WREKIN ICB - M2L0M",M2L0M,SUB_ICB_LOC,31-Mar-26,DEMENTIA_ESTIMATE_65_PLUS,8212.8,
"NHS SHROPSHIRE, TELFORD AND WREKIN ICB - M2L0M",M2L0M,SUB_ICB_LOC,31-Mar-26,DEMENTIA_REGISTER_65_PLUS,4954,
"NHS SHROPSHIRE, TELFORD AND WREKIN ICB - M2L0M",M2L0M,SUB_ICB_LOC,31-Mar-26,DIAG_RATE_65_PLUS,60.3,
"NHS SHROPSHIRE, TELFORD AND WREKIN ICB - M2L0M",M2L0M,SUB_ICB_LOC,31-Mar-26,DIAG_RATE_65_PLUS_LL,54.2,
"NHS SHROPSHIRE, TELFORD AND WREKIN ICB - M2L0M",M2L0M,SUB_ICB_LOC,31-Mar-26,DIAG_RATE_65_PLUS_UL,65.7,
NHS BIRMINGHAM AND SOLIHULL ICB - 15E,15E,SUB_ICB_LOC,31-Mar-26,DEMENTIA_ESTIMATE_65_PLUS,14773,
NHS BIRMINGHAM AND SOLIHULL ICB - 15E,15E,SUB_ICB_LOC,31-Mar-26,DEMENTIA_REGISTER_65_PLUS,9520,
NHS BIRMINGHAM AND SOLIHULL ICB - 15E,15E,SUB_ICB_LOC,31-Mar-26,DIAG_RATE_65_PLUS,64.4,
NHS BIRMINGHAM AND SOLIHULL ICB - 15E,15E,SUB_ICB_LOC,31-Mar-26,DIAG_RATE_65_PLUS_LL,58,
NHS BIRMINGHAM AND SOLIHULL ICB - 15E,15E,SUB_ICB_LOC,31-Mar-26,DIAG_RATE_65_PLUS_UL,70,
NHS BLACK COUNTRY ICB - D2P2L,D2P2L,SUB_ICB_LOC,31-Mar-26,DEMENTIA_ESTIMATE_65_PLUS,14695.1,
NHS BLACK COUNTRY ICB - D2P2L,D2P2L,SUB_ICB_LOC,31-Mar-26,DEMENTIA_REGISTER_65_PLUS,10067,
NHS BLACK COUNTRY ICB - D2P2L,D2P2L,SUB_ICB_LOC,31-Mar-26,DIAG_RATE_65_PLUS,68.5,
NHS BLACK COUNTRY ICB - D2P2L,D2P2L,SUB_ICB_LOC,31-Mar-26,DIAG_RATE_65_PLUS_LL,61.5,
NHS BLACK COUNTRY ICB - D2P2L,D2P2L,SUB_ICB_LOC,31-Mar-26,DIAG_RATE_65_PLUS_UL,74.3,
NHS CAMBRIDGESHIRE AND PETERBOROUGH ICB - 06H,06H,SUB_ICB_LOC,31-Mar-26,DEMENTIA_ESTIMATE_65_PLUS,11460.4,
NHS CAMBRIDGESHIRE AND PETERBOROUGH ICB - 06H,06H,SUB_ICB_LOC,31-Mar-26,DEMENTIA_REGISTER_65_PLUS,7172,
NHS CAMBRIDGESHIRE AND PETERBOROUGH ICB - 06H,06H,SUB_ICB_LOC,31-Mar-26,DIAG_RATE_65_PLUS,62.6,
NHS CAMBRIDGESHIRE AND PETERBOROUGH ICB - 06H,06H,SUB_ICB_LOC,31-Mar-26,DIAG_RATE_65_PLUS_LL,56.1,
NHS CAMBRIDGESHIRE AND PETERBOROUGH ICB - 06H,06H,SUB_ICB_LOC,31-Mar-26,DIAG_RATE_65_PLUS_UL,67.9,
NHS DERBY AND DERBYSHIRE ICB - 15M,15M,SUB_ICB_LOC,31-Mar-26,DEMENTIA_ESTIMATE_65_PLUS,15385.2,
NHS DERBY AND DERBYSHIRE ICB - 15M,15M,SUB_ICB_LOC,31-Mar-26,DEMENTIA_REGISTER_65_PLUS,10737,
NHS DERBY AND DERBYSHIRE ICB - 15M,15M,SUB_ICB_LOC,31-Mar-26,DIAG_RATE_65_PLUS,69.8,
NHS DERBY AND DERBYSHIRE ICB - 15M,15M,SUB_ICB_LOC,31-Mar-26,DIAG_RATE_65_PLUS_LL,62.7,
NHS DERBY AND DERBYSHIRE ICB - 15M,15M,SUB_ICB_LOC,31-Mar-26,DIAG_RATE_65_PLUS_UL,75.7,
NHS NORTHAMPTONSHIRE ICB - 78H,78H,SUB_ICB_LOC,31-Mar-26,DEMENTIA_ESTIMATE_65_PLUS,9325,
NHS NORTHAMPTONSHIRE ICB - 78H,78H,SUB_ICB_LOC,31-Mar-26,DEMENTIA_REGISTER_65_PLUS,6290,
NHS NORTHAMPTONSHIRE ICB - 78H,78H,SUB_ICB_LOC,31-Mar-26,DIAG_RATE_65_PLUS,67.5,
NHS NORTHAMPTONSHIRE ICB - 78H,78H,SUB_ICB_LOC,31-Mar-26,DIAG_RATE_65_PLUS_LL,60.6,
NHS NORTHAMPTONSHIRE ICB - 78H,78H,SUB_ICB_LOC,31-Mar-26,DIAG_RATE_65_PLUS_UL,73.4,
NHS GREATER MANCHESTER ICB - 01Y,01Y,SUB_ICB_LOC,31-Mar-26,DEMENTIA_ESTIMATE_65_PLUS,2401.2,
NHS GREATER MANCHESTER ICB - 01Y,01Y,SUB_ICB_LOC,31-Mar-26,DEMENTIA_REGISTER_65_PLUS,1737,
NHS GREATER MANCHESTER ICB - 01Y,01Y,SUB_ICB_LOC,31-Mar-26,DIAG_RATE_65_PLUS,72.3,
NHS GREATER MANCHESTER ICB - 01Y,01Y,SUB_ICB_LOC,31-Mar-26,DIAG_RATE_65_PLUS_LL,64.1,
NHS GREATER MANCHESTER ICB - 01Y,01Y,SUB_ICB_LOC,31-Mar-26,DIAG_RATE_65_PLUS_UL,79.4,
NHS SURREY HEARTLANDS ICB - 92A,92A,SUB_ICB_LOC,31-Mar-26,DEMENTIA_ESTIMATE_65_PLUS,15439.4,
NHS SURREY HEARTLANDS ICB - 92A,92A,SUB_ICB_LOC,31-Mar-26,DEMENTIA_REGISTER_65_PLUS,10575,
NHS SURREY HEARTLANDS ICB - 92A,92A,SUB_ICB_LOC,31-Mar-26,DIAG_RATE_65_PLUS,68.5,
NHS SURREY HEARTLANDS ICB - 92A,92A,SUB_ICB_LOC,31-Mar-26,DIAG_RATE_65_PLUS_LL,61.8,
NHS SURREY HEARTLANDS ICB - 92A,92A,SUB_ICB_LOC,31-Mar-26,DIAG_RATE_65_PLUS_UL,74.3,
NHS SUSSEX ICB - 70F,70F,SUB_ICB_LOC,31-Mar-26,DEMENTIA_ESTIMATE_65_PLUS,15382.4,
NHS SUSSEX ICB - 70F,70F,SUB_ICB_LOC,31-Mar-26,DEMENTIA_REGISTER_65_PLUS,9842,
NHS SUSSEX ICB - 70F,70F,SUB_ICB_LOC,31-Mar-26,DIAG_RATE_65_PLUS,64,
NHS SUSSEX ICB - 70F,70F,SUB_ICB_LOC,31-Mar-26,DIAG_RATE_65_PLUS_LL,57.5,
NHS SUSSEX ICB - 70F,70F,SUB_ICB_LOC,31-Mar-26,DIAG_RATE_65_PLUS_UL,69.5,
ENGLAND,ENG,COUNTRY_RESPONSIBILITY,28-Feb-26,DEMENTIA_ESTIMATE_65_PLUS,749817.3,
ENGLAND,ENG,COUNTRY_RESPONSIBILITY,28-Feb-26,DEMENTIA_REGISTER_65_PLUS,495413,
ENGLAND,ENG,COUNTRY_RESPONSIBILITY,28-Feb-26,DIAG_RATE_65_PLUS,66.1,
ENGLAND,ENG,COUNTRY_RESPONSIBILITY,28-Feb-26,DIAG_RATE_65_PLUS_LL,59.4,
ENGLAND,ENG,COUNTRY_RESPONSIBILITY,28-Feb-26,DIAG_RATE_65_PLUS_UL,71.6,
NHS CHESHIRE AND MERSEYSIDE INTEGRATED CARE BOARD,QYG,ICB,28-Feb-26,DEMENTIA_ESTIMATE_65_PLUS,35602.6,
NHS CHESHIRE AND MERSEYSIDE INTEGRATED CARE BOARD,QYG,ICB,28-Feb-26,DEMENTIA_REGISTER_65_PLUS,24253,
NHS CHESHIRE AND MERSEYSIDE INTEGRATED CARE BOARD,QYG,ICB,28-Feb-26,DIAG_RATE_65_PLUS,68.1,
NHS CHESHIRE AND MERSEYSIDE INTEGRATED CARE BOARD,QYG,ICB,28-Feb-26,DIAG_RATE_65_PLUS_LL,61.3,
NHS CHESHIRE AND MERSEYSIDE INTEGRATED CARE BOARD,QYG,ICB,28-Feb-26,DIAG_RATE_65_PLUS_UL,73.9,
NHS STAFFORDSHIRE AND STOKE-ON-TRENT INTEGRATED CARE BOARD,QNC,ICB,28-Feb-26,DEMENTIA_ESTIMATE_65_PLUS,16583.5,
NHS STAFFORDSHIRE AND STOKE-ON-TRENT INTEGRATED CARE BOARD,QNC,ICB,28-Feb-26,DEMENTIA_REGISTER_65_PLUS,12111,
NHS STAFFORDSHIRE AND STOKE-ON-TRENT INTEGRATED CARE BOARD,QNC,ICB,28-Feb-26,DIAG_RATE_65_PLUS,73,
NHS STAFFORDSHIRE AND STOKE-ON-TRENT INTEGRATED CARE BOARD,QNC,ICB,28-Feb-26,DIAG_RATE_65_PLUS_LL,65.6,
NHS STAFFORDSHIRE AND STOKE-ON-TRENT INTEGRATED CARE BOARD,QNC,ICB,28-Feb-26,DIAG_RATE_65_PLUS_UL,79.3,
"NHS SHROPSHIRE, TELFORD AND WREKIN INTEGRATED CARE BOARD",QOC,ICB,28-Feb-26,DEMENTIA_ESTIMATE_65_PLUS,8192.9,
"NHS SHROPSHIRE, TELFORD AND WREKIN INTEGRATED CARE BOARD",QOC,ICB,28-Feb-26,DEMENTIA_REGISTER_65_PLUS,4903,
"NHS SHROPSHIRE, TELFORD AND WREKIN INTEGRATED CARE BOARD",QOC,ICB,28-Feb-26,DIAG_RATE_65_PLUS,59.8,
"NHS SHROPSHIRE, TELFORD AND WREKIN INTEGRATED CARE BOARD",QOC,ICB,28-Feb-26,DIAG_RATE_65_PLUS_LL,53.8,
"NHS SHROPSHIRE, TELFORD AND WREKIN INTEGRATED CARE BOARD",QOC,ICB,28-Feb-26,DIAG_RATE_65_PLUS_UL,65.2,
NHS LINCOLNSHIRE INTEGRATED CARE BOARD,QJM,ICB,28-Feb-26,DEMENTIA_ESTIMATE_65_PLUS,12951.6,
NHS LINCOLNSHIRE INTEGRATED CARE BOARD,QJM,ICB,28-Feb-26,DEMENTIA_REGISTER_65_PLUS,8982,
NHS LINCOLNSHIRE INTEGRATED CARE BOARD,QJM,ICB,28-Feb-26,DIAG_RATE_65_PLUS,69.4,
NHS LINCOLNSHIRE INTEGRATED CARE BOARD,QJM,ICB,28-Feb-26,DIAG_RATE_65_PLUS_LL,62.4,
NHS LINCOLNSHIRE INTEGRATED CARE BOARD,QJM,ICB,28-Feb-26,DIAG_RATE_65_PLUS_UL,75.2,
"NHS LEICESTER, LEICESTERSHIRE AND RUTLAND INTEGRATED CARE BOARD",QK1,ICB,28-Feb-26,DEMENTIA_ESTIMATE_65_PLUS,14206.8,
"NHS LEICESTER, LEICESTERSHIRE AND RUTLAND INTEGRATED CARE BOARD",QK1,ICB,28-Feb-26,DEMENTIA_REGISTER_65_PLUS,8984,
"NHS LEICESTER, LEICESTERSHIRE AND RUTLAND INTEGRATED CARE BOARD",QK1,ICB,28-Feb-26,DIAG_RATE_65_PLUS,63.2,
"NHS LEICESTER, LEICESTERSHIRE AND RUTLAND INTEGRATED CARE BOARD",QK1,ICB,28-Feb-26,DIAG_RATE_65_PLUS_LL,56.8,
"NHS LEICESTER, LEICESTERSHIRE AND RUTLAND INTEGRATED CARE BOARD",QK1,ICB,28-Feb-26,DIAG_RATE_65_PLUS_UL,68.8,
NHS COVENTRY AND WARWICKSHIRE INTEGRATED CARE BOARD,QWU,ICB,28-Feb-26,DEMENTIA_ESTIMATE_65_PLUS,12854.8,
NHS COVENTRY AND WARWICKSHIRE INTEGRATED CARE BOARD,QWU,ICB,28-Feb-26,DEMENTIA_REGISTER_65_PLUS,7515,
NHS COVENTRY AND WARWICKSHIRE INTEGRATED CARE BOARD,QWU,ICB,28-Feb-26,DIAG_RATE_65_PLUS,58.5,
NHS COVENTRY AND WARWICKSHIRE INTEGRATED CARE BOARD,QWU,ICB,28-Feb-26,DIAG_RATE_65_PLUS_LL,52.6,
NHS COVENTRY AND WARWICKSHIRE INTEGRATED CARE BOARD,QWU,ICB,28-Feb-26,DIAG_RATE_65_PLUS_UL,63.5,
NHS HEREFORDSHIRE AND WORCESTERSHIRE INTEGRATED CARE BOARD,QGH,ICB,28-Feb-26,DEMENTIA_ESTIMATE_65_PLUS,13296.1,
NHS HEREFORDSHIRE AND WORCESTERSHIRE INTEGRATED CARE BOARD,QGH,ICB,28-Feb-26,DEMENTIA_REGISTER_65_PLUS,7473,
NHS HEREFORDSHIRE AND WORCESTERSHIRE INTEGRATED CARE BOARD,QGH,ICB,28-Feb-26,DIAG_RATE_65_PLUS,56.2,
NHS HEREFORDSHIRE AND WORCESTERSHIRE INTEGRATED CARE BOARD,QGH,ICB,28-Feb-26,DIAG_RATE_65_PLUS_LL,50.6,
NHS HEREFORDSHIRE AND WORCESTERSHIRE INTEGRATED CARE BOARD,QGH,ICB,28-Feb-26,DIAG_RATE_65_PLUS_UL,61.1,
NHS NORFOLK AND WAVENEY INTEGRATED CARE BOARD,QMM,ICB,28-Feb-26,DEMENTIA_ESTIMATE_65_PLUS,18573.3,
NHS NORFOLK AND WAVENEY INTEGRATED CARE BOARD,QMM,ICB,28-Feb-26,DEMENTIA_REGISTER_65_PLUS,11836,
NHS NORFOLK AND WAVENEY INTEGRATED CARE BOARD,QMM,ICB,28-Feb-26,DIAG_RATE_65_PLUS,63.7,
NHS NORFOLK AND WAVENEY INTEGRATED CARE BOARD,QMM,ICB,28-Feb-26,DIAG_RATE_65_PLUS_LL,57.3,
NHS NORFOLK AND WAVENEY INTEGRATED CARE BOARD,QMM,ICB,28-Feb-26,DIAG_RATE_65_PLUS_UL,69.2,
NHS SUFFOLK AND NORTH EAST ESSEX INTEGRATED CARE BOARD,QJG,ICB,28-Feb-26,DEMENTIA_ESTIMATE_65_PLUS,16886,
NHS SUFFOLK AND NORTH EAST ESSEX INTEGRATED CARE BOARD,QJG,ICB,28-Feb-26,DEMENTIA_REGISTER_65_PLUS,10194,
NHS SUFFOLK AND NORTH EAST ESSEX INTEGRATED CARE BOARD,QJG,ICB,28-Feb-26,DIAG_RATE_65_PLUS,60.4,
NHS SUFFOLK AND NORTH EAST ESSEX INTEGRATED CARE BOARD,QJG,ICB,28-Feb-26,DIAG_RATE_65_PLUS_LL,54.3,
NHS SUFFOLK AND NORTH EAST ESSEX INTEGRATED CARE BOARD,QJG,ICB,28-Feb-26,DIAG_RATE_65_PLUS_UL,65.4,
"NHS BEDFORDSHIRE, LUTON AND MILTON KEYNES INTEGRATED CARE BOARD",QHG,ICB,28-Feb-26,DEMENTIA_ESTIMATE_65_PLUS,10915.1,
"NHS BEDFORDSHIRE, LUTON AND MILTON KEYNES INTEGRATED CARE BOARD",QHG,ICB,28-Feb-26,DEMENTIA_REGISTER_65_PLUS,7624,
"NHS BEDFORDSHIRE, LUTON AND MILTON KEYNES INTEGRATED CARE BOARD",QHG,ICB,28-Feb-26,DIAG_RATE_65_PLUS,69.8,
"NHS BEDFORDSHIRE, LUTON AND MILTON KEYNES INTEGRATED CARE BOARD",QHG,ICB,28-Feb-26,DIAG_RATE_65_PLUS_LL,62.7,
"NHS BEDFORDSHIRE, LUTON AND MILTON KEYNES INTEGRATED CARE BOARD",QHG,ICB,28-Feb-26,DIAG_RATE_65_PLUS_UL,75.8,
NHS HERTFORDSHIRE AND WEST ESSEX INTEGRATED CARE BOARD,QM7,ICB,28-Feb-26,DEMENTIA_ESTIMATE_65_PLUS,19745.2,
NHS HERTFORDSHIRE AND WEST ESSEX INTEGRATED CARE BOARD,QM7,ICB,28-Feb-26,DEMENTIA_REGISTER_65_PLUS,13010,
NHS HERTFORDSHIRE AND WEST ESSEX INTEGRATED CARE BOARD,QM7,ICB,28-Feb-26,DIAG_RATE_65_PLUS,65.9,
NHS HERTFORDSHIRE AND WEST ESSEX INTEGRATED CARE BOARD,QM7,ICB,28-Feb-26,DIAG_RATE_65_PLUS_LL,59.3,
NHS HERTFORDSHIRE AND WEST ESSEX INTEGRATED CARE BOARD,QM7,ICB,28-Feb-26,DIAG_RATE_65_PLUS_UL,71.4,
NHS MID AND SOUTH ESSEX INTEGRATED CARE BOARD,QH8,ICB,28-Feb-26,DEMENTIA_ESTIMATE_65_PLUS,16695.9,
NHS MID AND SOUTH ESSEX INTEGRATED CARE BOARD,QH8,ICB,28-Feb-26,DEMENTIA_REGISTER_65_PLUS,11298,
NHS MID AND SOUTH ESSEX INTEGRATED CARE BOARD,QH8,ICB,28-Feb-26,DIAG_RATE_65_PLUS,67.7,
NHS MID AND SOUTH ESSEX INTEGRATED CARE BOARD,QH8,ICB,28-Feb-26,DIAG_RATE_65_PLUS_LL,60.8,
NHS MID AND SOUTH ESSEX INTEGRATED CARE BOARD,QH8,ICB,28-Feb-26,DIAG_RATE_65_PLUS_UL,73.4,
NHS NORTH WEST LONDON INTEGRATED CARE BOARD,QRV,ICB,28-Feb-26,DEMENTIA_ESTIMATE_65_PLUS,20215.7,
NHS NORTH WEST LONDON INTEGRATED CARE BOARD,QRV,ICB,28-Feb-26,DEMENTIA_REGISTER_65_PLUS,13210,
NHS NORTH WEST LONDON INTEGRATED CARE BOARD,QRV,ICB,28-Feb-26,DIAG_RATE_65_PLUS,65.3,
NHS NORTH WEST LONDON INTEGRATED CARE BOARD,QRV,ICB,28-Feb-26,DIAG_RATE_65_PLUS_LL,58.5,
NHS NORTH WEST LONDON INTEGRATED CARE BOARD,QRV,ICB,28-Feb-26,DIAG_RATE_65_PLUS_UL,71.1,
NHS NORTH CENTRAL LONDON INTEGRATED CARE BOARD,QMJ,ICB,28-Feb-26,DEMENTIA_ESTIMATE_65_PLUS,13504.2,
NHS NORTH CENTRAL LONDON INTEGRATED CARE BOARD,QMJ,ICB,28-Feb-26,DEMENTIA_REGISTER_65_PLUS,9137,
NHS NORTH CENTRAL LONDON INTEGRATED CARE BOARD,QMJ,ICB,28-Feb-26,DIAG_RATE_65_PLUS,67.7,
NHS NORTH CENTRAL LONDON INTEGRATED CARE BOARD,QMJ,ICB,28-Feb-26,DIAG_RATE_65_PLUS_LL,60.6,
NHS NORTH CENTRAL LONDON INTEGRATED CARE BOARD,QMJ,ICB,28-Feb-26,DIAG_RATE_65_PLUS_UL,73.6,
NHS NORTH EAST LONDON INTEGRATED CARE BOARD,QMF,ICB,28-Feb-26,DEMENTIA_ESTIMATE_65_PLUS,13872.1,
NHS NORTH EAST LONDON INTEGRATED CARE BOARD,QMF,ICB,28-Feb-26,DEMENTIA_REGISTER_65_PLUS,8793,
NHS NORTH EAST LONDON INTEGRATED CARE BOARD,QMF,ICB,28-Feb-26,DIAG_RATE_65_PLUS,63.4,
NHS NORTH EAST LONDON INTEGRATED CARE BOARD,QMF,ICB,28-Feb-26,DIAG_RATE_65_PLUS_LL,56.6,
NHS NORTH EAST LONDON INTEGRATED CARE BOARD,QMF,ICB,28-Feb-26,DIAG_RATE_65_PLUS_UL,69,
NHS SOUTH EAST LONDON INTEGRATED CARE BOARD,QKK,ICB,28-Feb-26,DEMENTIA_ESTIMATE_65_PLUS,15666.7,
NHS SOUTH EAST LONDON INTEGRATED CARE BOARD,QKK,ICB,28-Feb-26,DEMENTIA_REGISTER_65_PLUS,11129,
NHS SOUTH EAST LONDON INTEGRATED CARE BOARD,QKK,ICB,28-Feb-26,DIAG_RATE_65_PLUS,71,
NHS SOUTH EAST LONDON INTEGRATED CARE BOARD,QKK,ICB,28-Feb-26,DIAG_RATE_65_PLUS_LL,63.7,
NHS SOUTH EAST LONDON INTEGRATED CARE BOARD,QKK,ICB,28-Feb-26,DIAG_RATE_65_PLUS_UL,77.2,
NHS SOUTH WEST LONDON INTEGRATED CARE BOARD,QWE,ICB,28-Feb-26,DEMENTIA_ESTIMATE_65_PLUS,14804,
NHS SOUTH WEST LONDON INTEGRATED CARE BOARD,QWE,ICB,28-Feb-26,DEMENTIA_REGISTER_65_PLUS,11067,
NHS SOUTH WEST LONDON INTEGRATED CARE BOARD,QWE,ICB,28-Feb-26,DIAG_RATE_65_PLUS,74.8,
NHS SOUTH WEST LONDON INTEGRATED CARE BOARD,QWE,ICB,28-Feb-26,DIAG_RATE_65_PLUS_LL,67.1,
NHS SOUTH WEST LONDON INTEGRATED CARE BOARD,QWE,ICB,28-Feb-26,DIAG_RATE_65_PLUS_UL,81.2,
NHS KENT AND MEDWAY INTEGRATED CARE BOARD,QKS,ICB,28-Feb-26,DEMENTIA_ESTIMATE_65_PLUS,26429.7,
NHS KENT AND MEDWAY INTEGRATED CARE BOARD,QKS,ICB,28-Feb-26,DEMENTIA_REGISTER_65_PLUS,16394,
NHS KENT AND MEDWAY INTEGRATED CARE BOARD,QKS,ICB,28-Feb-26,DIAG_RATE_65_PLUS,62,
NHS KENT AND MEDWAY INTEGRATED CARE BOARD,QKS,ICB,28-Feb-26,DIAG_RATE_65_PLUS_LL,55.9,
NHS KENT AND MEDWAY INTEGRATED CARE BOARD,QKS,ICB,28-Feb-26,DIAG_RATE_65_PLUS_UL,67.4,
NHS FRIMLEY INTEGRATED CARE BOARD,QNQ,ICB,28-Feb-26,DEMENTIA_ESTIMATE_65_PLUS,9225.2,
NHS FRIMLEY INTEGRATED CARE BOARD,QNQ,ICB,28-Feb-26,DEMENTIA_REGISTER_65_PLUS,6194,
NHS FRIMLEY INTEGRATED CARE BOARD,QNQ,ICB,28-Feb-26,DIAG_RATE_65_PLUS,67.1,
NHS FRIMLEY INTEGRATED CARE BOARD,QNQ,ICB,28-Feb-26,DIAG_RATE_65_PLUS_LL,60.2,
NHS FRIMLEY INTEGRATED CARE BOARD,QNQ,ICB,28-Feb-26,DIAG_RATE_65_PLUS_UL,73.1,
NHS CORNWALL AND THE ISLES OF SCILLY INTEGRATED CARE BOARD,QT6,ICB,28-Feb-26,DEMENTIA_ESTIMATE_65_PLUS,10109.5,
NHS CORNWALL AND THE ISLES OF SCILLY INTEGRATED CARE BOARD,QT6,ICB,28-Feb-26,DEMENTIA_REGISTER_65_PLUS,6233,
NHS CORNWALL AND THE ISLES OF SCILLY INTEGRATED CARE BOARD,QT6,ICB,28-Feb-26,DIAG_RATE_65_PLUS,61.7,
NHS CORNWALL AND THE ISLES OF SCILLY INTEGRATED CARE BOARD,QT6,ICB,28-Feb-26,DIAG_RATE_65_PLUS_LL,55.3,
NHS CORNWALL AND THE ISLES OF SCILLY INTEGRATED CARE BOARD,QT6,ICB,28-Feb-26,DIAG_RATE_65_PLUS_UL,67.1,
NHS DEVON INTEGRATED CARE BOARD,QJK,ICB,28-Feb-26,DEMENTIA_ESTIMATE_65_PLUS,21007.1,
NHS DEVON INTEGRATED CARE BOARD,QJK,ICB,28-Feb-26,DEMENTIA_REGISTER_65_PLUS,12314,
NHS DEVON INTEGRATED CARE BOARD,QJK,ICB,28-Feb-26,DIAG_RATE_65_PLUS,58.6,
NHS DEVON INTEGRATED CARE BOARD,QJK,ICB,28-Feb-26,DIAG_RATE_65_PLUS_LL,52.9,
NHS DEVON INTEGRATED CARE BOARD,QJK,ICB,28-Feb-26,DIAG_RATE_65_PLUS_UL,63.7,
NHS SOMERSET INTEGRATED CARE BOARD,QSL,ICB,28-Feb-26,DEMENTIA_ESTIMATE_65_PLUS,10243,
NHS SOMERSET INTEGRATED CARE BOARD,QSL,ICB,28-Feb-26,DEMENTIA_REGISTER_65_PLUS,5749,
NHS SOMERSET INTEGRATED CARE BOARD,QSL,ICB,28-Feb-26,DIAG_RATE_65_PLUS,56.1,
NHS SOMERSET INTEGRATED CARE BOARD,QSL,ICB,28-Feb-26,DIAG_RATE_65_PLUS_LL,50.3,
NHS SOMERSET INTEGRATED CARE BOARD,QSL,ICB,28-Feb-26,DIAG_RATE_65_PLUS_UL,61.1,
"NHS BRISTOL, NORTH SOMERSET AND SOUTH GLOUCESTERSHIRE INTEGRATED CARE BOARD",QUY,ICB,28-Feb-26,DEMENTIA_ESTIMATE_65_PLUS,12236.2,
"NHS BRISTOL, NORTH SOMERSET AND SOUTH GLOUCESTERSHIRE INTEGRATED CARE BOARD",QUY,ICB,28-Feb-26,DEMENTIA_REGISTER_65_PLUS,8799,
"NHS BRISTOL, NORTH SOMERSET AND SOUTH GLOUCESTERSHIRE INTEGRATED CARE BOARD",QUY,ICB,28-Feb-26,DIAG_RATE_65_PLUS,71.9,
"NHS BRISTOL, NORTH SOMERSET AND SOUTH GLOUCESTERSHIRE INTEGRATED CARE BOARD",QUY,ICB,28-Feb-26,DIAG_RATE_65_PLUS_LL,64.7,
"NHS BRISTOL, NORTH SOMERSET AND SOUTH GLOUCESTERSHIRE INTEGRATED CARE BOARD",QUY,ICB,28-Feb-26,DIAG_RATE_65_PLUS_UL,77.9,
"NHS BATH AND NORTH EAST SOMERSET, SWINDON AND WILTSHIRE INTEGRATED CARE BOARD",QOX,ICB,28-Feb-26,DEMENTIA_ESTIMATE_65_PLUS,14215.8,
"NHS BATH AND NORTH EAST SOMERSET, SWINDON AND WILTSHIRE INTEGRATED CARE BOARD",QOX,ICB,28-Feb-26,DEMENTIA_REGISTER_65_PLUS,8902,
"NHS BATH AND NORTH EAST SOMERSET, SWINDON AND WILTSHIRE INTEGRATED CARE BOARD",QOX,ICB,28-Feb-26,DIAG_RATE_65_PLUS,62.6,
"NHS BATH AND NORTH EAST SOMERSET, SWINDON AND WILTSHIRE INTEGRATED CARE BOARD",QOX,ICB,28-Feb-26,DIAG_RATE_65_PLUS_LL,56.2,
"NHS BATH AND NORTH EAST SOMERSET, SWINDON AND WILTSHIRE INTEGRATED CARE BOARD",QOX,ICB,28-Feb-26,DIAG_RATE_65_PLUS_UL,68,
NHS DORSET INTEGRATED CARE BOARD,QVV,ICB,28-Feb-26,DEMENTIA_ESTIMATE_65_PLUS,14766,
NHS DORSET INTEGRATED CARE BOARD,QVV,ICB,28-Feb-26,DEMENTIA_REGISTER_65_PLUS,8609,
NHS DORSET INTEGRATED CARE BOARD,QVV,ICB,28-Feb-26,DIAG_RATE_65_PLUS,58.3,
NHS DORSET INTEGRATED CARE BOARD,QVV,ICB,28-Feb-26,DIAG_RATE_65_PLUS_LL,52.5,
NHS DORSET INTEGRATED CARE BOARD,QVV,ICB,28-Feb-26,DIAG_RATE_65_PLUS_UL,63.2,
NHS HAMPSHIRE AND ISLE OF WIGHT INTEGRATED CARE BOARD,QRL,ICB,28-Feb-26,DEMENTIA_ESTIMATE_65_PLUS,28129.7,
NHS HAMPSHIRE AND ISLE OF WIGHT INTEGRATED CARE BOARD,QRL,ICB,28-Feb-26,DEMENTIA_REGISTER_65_PLUS,17925,
NHS HAMPSHIRE AND ISLE OF WIGHT INTEGRATED CARE BOARD,QRL,ICB,28-Feb-26,DIAG_RATE_65_PLUS,63.7,
NHS HAMPSHIRE AND ISLE OF WIGHT INTEGRATED CARE BOARD,QRL,ICB,28-Feb-26,DIAG_RATE_65_PLUS_LL,57.3,
NHS HAMPSHIRE AND ISLE OF WIGHT INTEGRATED CARE BOARD,QRL,ICB,28-Feb-26,DIAG_RATE_65_PLUS_UL,69.3,
NHS GLOUCESTERSHIRE INTEGRATED CARE BOARD,QR1,ICB,28-Feb-26,DEMENTIA_ESTIMATE_65_PLUS,10270.6,
NHS GLOUCESTERSHIRE INTEGRATED CARE BOARD,QR1,ICB,28-Feb-26,DEMENTIA_REGISTER_65_PLUS,6769,
NHS GLOUCESTERSHIRE INTEGRATED CARE BOARD,QR1,ICB,28-Feb-26,DIAG_RATE_65_PLUS,65.9,
NHS GLOUCESTERSHIRE INTEGRATED CARE BOARD,QR1,ICB,28-Feb-26,DIAG_RATE_65_PLUS_LL,59.1,
NHS GLOUCESTERSHIRE INTEGRATED CARE BOARD,QR1,ICB,28-Feb-26,DIAG_RATE_65_PLUS_UL,71.6,
"NHS BUCKINGHAMSHIRE, OXFORDSHIRE AND BERKSHIRE WEST INTEGRATED CARE BOARD",QU9,ICB,28-Feb-26,DEMENTIA_ESTIMATE_65_PLUS,24039.5,
"NHS BUCKINGHAMSHIRE, OXFORDSHIRE AND BERKSHIRE WEST INTEGRATED CARE BOARD",QU9,ICB,28-Feb-26,DEMENTIA_REGISTER_65_PLUS,15134,
"NHS BUCKINGHAMSHIRE, OXFORDSHIRE AND BERKSHIRE WEST INTEGRATED CARE BOARD",QU9,ICB,28-Feb-26,DIAG_RATE_65_PLUS,63,
"NHS BUCKINGHAMSHIRE, OXFORDSHIRE AND BERKSHIRE WEST INTEGRATED CARE BOARD",QU9,ICB,28-Feb-26,DIAG_RATE_65_PLUS_LL,56.8,
"NHS BUCKINGHAMSHIRE, OXFORDSHIRE AND BERKSHIRE WEST INTEGRATED CARE BOARD",QU9,ICB,28-Feb-26,DIAG_RATE_65_PLUS_UL,68.5,
NHS LANCASHIRE AND SOUTH CUMBRIA INTEGRATED CARE BOARD,QE1,ICB,28-Feb-26,DEMENTIA_ESTIMATE_65_PLUS,24359.9,
NHS LANCASHIRE AND SOUTH CUMBRIA INTEGRATED CARE BOARD,QE1,ICB,28-Feb-26,DEMENTIA_REGISTER_65_PLUS,16600,
NHS LANCASHIRE AND SOUTH CUMBRIA INTEGRATED CARE BOARD,QE1,ICB,28-Feb-26,DIAG_RATE_65_PLUS,68.1,
NHS LANCASHIRE AND SOUTH CUMBRIA INTEGRATED CARE BOARD,QE1,ICB,28-Feb-26,DIAG_RATE_65_PLUS_LL,61.3,
NHS LANCASHIRE AND SOUTH CUMBRIA INTEGRATED CARE BOARD,QE1,ICB,28-Feb-26,DIAG_RATE_65_PLUS_UL,74,
NHS NORTH EAST AND NORTH CUMBRIA INTEGRATED CARE BOARD,QHM,ICB,28-Feb-26,DEMENTIA_ESTIMATE_65_PLUS,42199.1,
NHS NORTH EAST AND NORTH CUMBRIA INTEGRATED CARE BOARD,QHM,ICB,28-Feb-26,DEMENTIA_REGISTER_65_PLUS,29030,
NHS NORTH EAST AND NORTH CUMBRIA INTEGRATED CARE BOARD,QHM,ICB,28-Feb-26,DIAG_RATE_65_PLUS,68.8,
NHS NORTH EAST AND NORTH CUMBRIA INTEGRATED CARE BOARD,QHM,ICB,28-Feb-26,DIAG_RATE_65_PLUS_LL,61.9,
NHS NORTH EAST AND NORTH CUMBRIA INTEGRATED CARE BOARD,QHM,ICB,28-Feb-26,DIAG_RATE_65_PLUS_UL,74.8,
NHS HUMBER AND NORTH YORKSHIRE INTEGRATED CARE BOARD,QOQ,ICB,28-Feb-26,DEMENTIA_ESTIMATE_65_PLUS,26860.9,
NHS HUMBER AND NORTH YORKSHIRE INTEGRATED CARE BOARD,QOQ,ICB,28-Feb-26,DEMENTIA_REGISTER_65_PLUS,16777,
NHS HUMBER AND NORTH YORKSHIRE INTEGRATED CARE BOARD,QOQ,ICB,28-Feb-26,DIAG_RATE_65_PLUS,62.5,
NHS HUMBER AND NORTH YORKSHIRE INTEGRATED CARE BOARD,QOQ,ICB,28-Feb-26,DIAG_RATE_65_PLUS_LL,56.2,
NHS HUMBER AND NORTH YORKSHIRE INTEGRATED CARE BOARD,QOQ,ICB,28-Feb-26,DIAG_RATE_65_PLUS_UL,67.8,
NHS WEST YORKSHIRE INTEGRATED CARE BOARD,QWO,ICB,28-Feb-26,DEMENTIA_ESTIMATE_65_PLUS,28491.7,
NHS WEST YORKSHIRE INTEGRATED CARE BOARD,QWO,ICB,28-Feb-26,DEMENTIA_REGISTER_65_PLUS,20106,
NHS WEST YORKSHIRE INTEGRATED CARE BOARD,QWO,ICB,28-Feb-26,DIAG_RATE_65_PLUS,70.6,
NHS WEST YORKSHIRE INTEGRATED CARE BOARD,QWO,ICB,28-Feb-26,DIAG_RATE_65_PLUS_LL,63.4,
NHS WEST YORKSHIRE INTEGRATED CARE BOARD,QWO,ICB,28-Feb-26,DIAG_RATE_65_PLUS_UL,76.5,
NHS BIRMINGHAM AND SOLIHULL INTEGRATED CARE BOARD,QHL,ICB,28-Feb-26,DEMENTIA_ESTIMATE_65_PLUS,14755.5,
NHS BIRMINGHAM AND SOLIHULL INTEGRATED CARE BOARD,QHL,ICB,28-Feb-26,DEMENTIA_REGISTER_65_PLUS,9468,
NHS BIRMINGHAM AND SOLIHULL INTEGRATED CARE BOARD,QHL,ICB,28-Feb-26,DIAG_RATE_65_PLUS,64.2,
NHS BIRMINGHAM AND SOLIHULL INTEGRATED CARE BOARD,QHL,ICB,28-Feb-26,DIAG_RATE_65_PLUS_LL,57.7,
NHS BIRMINGHAM AND SOLIHULL INTEGRATED CARE BOARD,QHL,ICB,28-Feb-26,DIAG_RATE_65_PLUS_UL,69.9,
NHS CAMBRIDGESHIRE AND PETERBOROUGH INTEGRATED CARE BOARD,QUE,ICB,28-Feb-26,DEMENTIA_ESTIMATE_65_PLUS,11433.1,
NHS CAMBRIDGESHIRE AND PETERBOROUGH INTEGRATED CARE BOARD,QUE,ICB,28-Feb-26,DEMENTIA_REGISTER_65_PLUS,7129,
NHS CAMBRIDGESHIRE AND PETERBOROUGH INTEGRATED CARE BOARD,QUE,ICB,28-Feb-26,DIAG_RATE_65_PLUS,62.4,
NHS CAMBRIDGESHIRE AND PETERBOROUGH INTEGRATED CARE BOARD,QUE,ICB,28-Feb-26,DIAG_RATE_65_PLUS_LL,56,
NHS CAMBRIDGESHIRE AND PETERBOROUGH INTEGRATED CARE BOARD,QUE,ICB,28-Feb-26,DIAG_RATE_65_PLUS_UL,67.8,
NHS GREATER MANCHESTER INTEGRATED CARE BOARD,QOP,ICB,28-Feb-26,DEMENTIA_ESTIMATE_65_PLUS,31065,
NHS GREATER MANCHESTER INTEGRATED CARE BOARD,QOP,ICB,28-Feb-26,DEMENTIA_REGISTER_65_PLUS,23016,
NHS GREATER MANCHESTER INTEGRATED CARE BOARD,QOP,ICB,28-Feb-26,DIAG_RATE_65_PLUS,74.1,
NHS GREATER MANCHESTER INTEGRATED CARE BOARD,QOP,ICB,28-Feb-26,DIAG_RATE_65_PLUS_LL,66.6,
NHS GREATER MANCHESTER INTEGRATED CARE BOARD,QOP,ICB,28-Feb-26,DIAG_RATE_65_PLUS_UL,80.5,
NHS DERBY AND DERBYSHIRE INTEGRATED CARE BOARD,QJ2,ICB,28-Feb-26,DEMENTIA_ESTIMATE_65_PLUS,15353.7,
NHS DERBY AND DERBYSHIRE INTEGRATED CARE BOARD,QJ2,ICB,28-Feb-26,DEMENTIA_REGISTER_65_PLUS,10552,
NHS DERBY AND DERBYSHIRE INTEGRATED CARE BOARD,QJ2,ICB,28-Feb-26,DIAG_RATE_65_PLUS,68.7,
NHS DERBY AND DERBYSHIRE INTEGRATED CARE BOARD,QJ2,ICB,28-Feb-26,DIAG_RATE_65_PLUS_LL,61.9,
NHS DERBY AND DERBYSHIRE INTEGRATED CARE BOARD,QJ2,ICB,28-Feb-26,DIAG_RATE_65_PLUS_UL,74.6,
NHS NORTHAMPTONSHIRE INTEGRATED CARE BOARD,QPM,ICB,28-Feb-26,DEMENTIA_ESTIMATE_65_PLUS,9306.8,
NHS NORTHAMPTONSHIRE INTEGRATED CARE BOARD,QPM,ICB,28-Feb-26,DEMENTIA_REGISTER_65_PLUS,6261,
NHS NORTHAMPTONSHIRE INTEGRATED CARE BOARD,QPM,ICB,28-Feb-26,DIAG_RATE_65_PLUS,67.3,
NHS NORTHAMPTONSHIRE INTEGRATED CARE BOARD,QPM,ICB,28-Feb-26,DIAG_RATE_65_PLUS_LL,60.2,
NHS NORTHAMPTONSHIRE INTEGRATED CARE BOARD,QPM,ICB,28-Feb-26,DIAG_RATE_65_PLUS_UL,73.1,
NHS NOTTINGHAM AND NOTTINGHAMSHIRE INTEGRATED CARE BOARD,QT1,ICB,28-Feb-26,DEMENTIA_ESTIMATE_65_PLUS,15091.1,
NHS NOTTINGHAM AND NOTTINGHAMSHIRE INTEGRATED CARE BOARD,QT1,ICB,28-Feb-26,DEMENTIA_REGISTER_65_PLUS,10484,
NHS NOTTINGHAM AND NOTTINGHAMSHIRE INTEGRATED CARE BOARD,QT1,ICB,28-Feb-26,DIAG_RATE_65_PLUS,69.5,
NHS NOTTINGHAM AND NOTTINGHAMSHIRE INTEGRATED CARE BOARD,QT1,ICB,28-Feb-26,DIAG_RATE_65_PLUS_LL,62.4,
NHS NOTTINGHAM AND NOTTINGHAMSHIRE INTEGRATED CARE BOARD,QT1,ICB,28-Feb-26,DIAG_RATE_65_PLUS_UL,75.4,
NHS SOUTH YORKSHIRE INTEGRATED CARE BOARD,QF7,ICB,28-Feb-26,DEMENTIA_ESTIMATE_65_PLUS,16926.1,
NHS SOUTH YORKSHIRE INTEGRATED CARE BOARD,QF7,ICB,28-Feb-26,DEMENTIA_REGISTER_65_PLUS,12901,
NHS SOUTH YORKSHIRE INTEGRATED CARE BOARD,QF7,ICB,28-Feb-26,DIAG_RATE_65_PLUS,76.2,
NHS SOUTH YORKSHIRE INTEGRATED CARE BOARD,QF7,ICB,28-Feb-26,DIAG_RATE_65_PLUS_LL,68.6,
NHS SOUTH YORKSHIRE INTEGRATED CARE BOARD,QF7,ICB,28-Feb-26,DIAG_RATE_65_PLUS_UL,82.6,
NHS BLACK COUNTRY INTEGRATED CARE BOARD,QUA,ICB,28-Feb-26,DEMENTIA_ESTIMATE_65_PLUS,14677.4,
NHS BLACK COUNTRY INTEGRATED CARE BOARD,QUA,ICB,28-Feb-26,DEMENTIA_REGISTER_65_PLUS,9998,
NHS BLACK COUNTRY INTEGRATED CARE BOARD,QUA,ICB,28-Feb-26,DIAG_RATE_65_PLUS,68.1,
NHS BLACK COUNTRY INTEGRATED CARE BOARD,QUA,ICB,28-Feb-26,DIAG_RATE_65_PLUS_LL,61.3,
NHS BLACK COUNTRY INTEGRATED CARE BOARD,QUA,ICB,28-Feb-26,DIAG_RATE_65_PLUS_UL,74,
NHS SURREY HEARTLANDS ICB,QXU,ICB,28-Feb-26,DEMENTIA_ESTIMATE_65_PLUS,15405.6,
NHS SURREY HEARTLANDS ICB,QXU,ICB,28-Feb-26,DEMENTIA_REGISTER_65_PLUS,10470,
NHS SURREY HEARTLANDS ICB,QXU,ICB,28-Feb-26,DIAG_RATE_65_PLUS,68,
NHS SURREY HEARTLANDS ICB,QXU,ICB,28-Feb-26,DIAG_RATE_65_PLUS_LL,61.3,
NHS SURREY HEARTLANDS ICB,QXU,ICB,28-Feb-26,DIAG_RATE_65_PLUS_UL,73.8,
NHS SUSSEX ICB,QNX,ICB,28-Feb-26,DEMENTIA_ESTIMATE_65_PLUS,28652.8,
NHS SUSSEX ICB,QNX,ICB,28-Feb-26,DEMENTIA_REGISTER_65_PLUS,18080,
NHS SUSSEX ICB,QNX,ICB,28-Feb-26,DIAG_RATE_65_PLUS,63.1,
NHS SUSSEX ICB,QNX,ICB,28-Feb-26,DIAG_RATE_65_PLUS_LL,56.9,
NHS SUSSEX ICB,QNX,ICB,28-Feb-26,DIAG_RATE_65_PLUS_UL,68.5,
LONDON,Y56,NHS_REGION,28-Feb-26,DEMENTIA_ESTIMATE_65_PLUS,78062.6,
LONDON,Y56,NHS_REGION,28-Feb-26,DEMENTIA_REGISTER_65_PLUS,53336,
LONDON,Y56,NHS_REGION,28-Feb-26,DIAG_RATE_65_PLUS,68.3,
LONDON,Y56,NHS_REGION,28-Feb-26,DIAG_RATE_65_PLUS_LL,61.3,
LONDON,Y56,NHS_REGION,28-Feb-26,DIAG_RATE_65_PLUS_UL,74.3,
